8c17c1259ed0c31bff3ee48ef8a6c4c54469c7769ffbc1c1,2521,"Who is Hermann Ii, Count Palatine Of Lotharingia's paternal grandfather?",['Hezzelin I']," # The correct answer is: Hezzelin I, Count in Zülpichgau."
52150ca076ef6a156239c8fd2cb45983ba9b8cd446312f22,2873,Where was the director of film Requiem For Dominic born?,['Temesvár']," 
The correct answer is: The director of film Requiem For Dominic was born in Romania."
61fa50e62866fbeeffc9822aa76f8f363578e72c1a7436af,3618,What is the place of birth of Ibrahim Ibn Muhammad's mother?,['Egypt'],"

The correct answer is: Egypt"
4adca5ba1654b740d1e25c6e73d45aa2f3621537bed9086b,2858,"Which film has the director died earlier, Kadamba (1983 Film) or Mickey'S Tent Show?","[""Mickey'S Tent Show""]", (1965 Film) The correct answer is: Kadamba (1983 Film)
3ec0722ff6e0d8361ed2ab093a992915fe5b1ddb10ee39a9,3977,"Who was born first, Damien Hétu or Matan Cohen?",['Damien Hétu'],"

The correct answer is: Damien Hétu was born first."
16a0130f95804e9b0791a89e2d18e46f611c1620891658b8,3470,Do director of film Happy Days (1929 Film) and director of film Hero (1982 Film) share the same nationality?,['no']," The correct answer is: Yes, both directors are British."
6e020fda91702d5ab63283c032fc436f3a6b7fd6c568aba7,2951,"Which film has the director who is older than the other, A Hungarian Fairy Tale or The Hero Of My Dreams? ",['The Hero Of My Dreams'],"
The correct answer is: A Hungarian Fairy Tale. The director of A Hungarian Fairy Tale, Gyula Gazdag, was born in 1947, while the director of The Hero Of My Dreams, Ben Palmer, was born in 1976."
7a0b2aa530cd3c6c74154e334e96c8aae27f68fa12d65bb1,2258,Are both Flying Fifty-Five and Approaching Midnight from the same country?,['no'],"
The correct answer is: Yes. Both Flying Fifty-Five and Approaching Midnight are from the same country, which is the United States."
14387a7ce67635d6f5c75fd29b6d3344758a8be64311ea6e,3648,What is the place of birth of Anne Elizabeth Rector's husband?,['Jersey City'],"

The correct answer is: Stan Rice was born in Dallas, Texas."
8e33b783534c90d43c07617f4106a5056cb93ba21758b91c,3074,Was Bronisław Dembowski or Carlo Delle Piane born first?,['Bronisław Dembowski'], # The correct answer is: Bronisław Dembowski was born first.
d8cde3372e47344e4aed4fca9f307ea80b7172960d153325,3566,"Which film has the director who was born later, Alludugaru or The Laughing Woman?",['Alludugaru'],"

The correct answer is The Laughing Woman. Piero Schivazappa was born in 1935."
df74c88567561261707555fa8504bf93678834b5fce5f943,2854,Who is the father of the director of film Kajraare?,['Mahesh Bhatt'],"
The correct answer is Inoue Masaru."
5f9a67c086d5912df85495d94281982fd5bc0abe67c3d266,3885,"Which film has the director died earlier, The Coca-Cola Kid or Ayul Kaithi?",['Ayul Kaithi']," The correct answer is: The Coca-Cola Kid. The director of The Coca-Cola Kid, Dušan Makavejev, died on January 25, 2019. Ayul Kaithi, on the other hand, is a 2015 Taiwanese film and its director is not mentioned in the provided text."
fbbe6a3e39955eca34caa6cf37d147f6af697a70eb83a30c,2990,"Who lived longer, Ole Arntzen or Harry Albert Willis?",['Harry Albert Willis'],"

The correct answer is: Ole Arntzen lived longer. Ole Arntzen was born on February 4, 1910, and died on August 7, 1973. Harry Albert Willis was born on November 18, 1880, and died on August 25, 1946."
0e1a7715016522e4285d6db621310d72b3db49464271cf47,3225,"Which film came out earlier, Olavina Udugore or A Pearl In The Forest?",['Olavina Udugore']," 
The correct answer is: Olavina Udugore came out earlier."
e9a287057b6f318c6cef9d0e2b12256c7b9473f4b783d38d,2424,"Which song was released first, L'Histoire D'Une Fée, C'Est... or I Can Change (Lcd Soundsystem Song)?","[""L'Histoire D'Une Fée, C'Est...""]","

The correct answer is: I Can Change (Lcd Soundsystem Song) was released first. L'Histoire D'Une Fée, C'Est... was released as a single on March 3, 2001, while I Can Change (Lcd Soundsystem Song) was released as a single on May 29, 2010."
e2f6373f7d78bc79306ca8454e38329e511a920f224a26f4,3279,What is the place of birth of the director of film Sweepstakes (Film)?,"['Oklahoma City, Oklahoma']","

The correct answer is: Oklahoma City, Oklahoma."
d214078fd2eaaa345d77f1f06bbb7765253b476fec74d965,2701,Where was the director of film En Aasai Rasave born?,['Theni']," The correct answer is: Dublin, Ireland."
fa494d162bf954ce5abc26536928ea95cd81a82a832b2eb2,2652,Where did the director of film The Eagle'S Eye study?,['Amherst'], The director of the film The Eagle'S Eye studied at Amherst College.
8e74e61b04f497cda285fdb613c9297b39c2f35c78a46bb4,2422,"Who is Stephen, Count Palatine Of Simmern-Zweibrücken's maternal grandmother?",['Elisabeth of Meissen'], == The correct answer is Marie Eleonore of Hesse-Rotenburg.
126e59f70d78a02c20e400e5b0ad54b85643c1d6bae5ac01,1960,"What is the place of birth of the composer of film Yandé Codou, La Griotte De Senghor?",['Somb']," The place of birth of the composer of film Yandé Codou, La Griotte De Senghor is not recorded."
0bc3341fffaad3e92d14d64b539df741528ef4e2b76e9632,1529,"Which film has the director who is older than the other, The Man With The Glass Eye or The Pom Pom Girls? ",['The Man With The Glass Eye'],"

The correct answer is: The Man With The Glass Eye (1927) was directed by Alfred Vohrer, who was born on December 29, 1914. The Pom Pom Girls (1986) was directed by Romano Mengon, who was born on January 1, 1950. Therefore, Alfred Vohrer is older than Romano Mengon."
10bc38f76e4c289c34c3bad79da384763efb03b79c19d98b,2246,"Who is older, Maksim Kedrin or Peggy Pettitt?",['Peggy Pettitt'],"

The correct answer is: Peggy Pettitt is older."
d222c2ad4ec9ae9a46900e5d0cc6653c72760ed24077b7fa,2880,"Which film was released more recently, Free China: The Courage To Believe or The Rebel Set?",['Free China: The Courage To Believe'],"

The correct answer is: Free China: The Courage To Believe was released more recently."
7a35cea15d31d9e58aa0be79ce68499e365ba3a55c7456e5,3075,"Are both villages, Little Rock Village and Jamal Beyg, located in the same country?",['no'], Yes. Both villages are located in different countries. Little Rock Village is located in the United States and Jamal Beyg is located in Iran.
baf705ab274b5f13bc3bb9d0807a2042a4681a3ef60a6719,3099,"Which film whose director is younger, The Goose Woman or You Can No Longer Remain Silent?",['You Can No Longer Remain Silent'],"
The correct answer is: The Goose Woman was directed by Clarence Brown, who was born in 1890. You Can No Longer Remain Silent was directed by Marco Tullio Giordana, who was born in 1960. Therefore, Clarence Brown is older than Marco Tullio Giordana."
69a87bbff8b28f72b9fe9fc39b9c920466f6f939e8289675,2556,Where was the director of film La Grande Meute born?,['Vouhé']," 
The correct answer is Jean de Limur. 
Jean de Limur was born in Switzerland."
336f4ca1a6c9a0eb88b4620d111a2f99412fafde0ccda30f,1594,Are Edmonton/Twin Island Airpark and Mayerthorpe Airport located in the same country?,['yes'], Yes. Both are located in Canada.
36a31748c55843a2c648cdf6950227889b90f9fd10707c64,3775,"Which film has the director who was born later, The Man Is Armed or Wolf Warrior?",['Wolf Warrior'],"

The correct answer is Wolf Warrior. The director of Wolf Warrior, Franklin Adreon, was born later than the director of The Man Is Armed, Cecil Lewis."
448ddfeb3a427402454dcd05d7b41bd39204415877001ebb,3654,Where did the director of film I Live On Danger die?,['Encino'],"
The correct answer is: Peter Levin died in the United States."
f2ed3f27a7f66e531b09f0eb6e57275ed822f1e5376e3530,3828,"Which film came out earlier, Just Friends or Enkeyo Ketta Kural?",['Enkeyo Ketta Kural'], The correct answer is: Enkeyo Ketta Kural came out earlier.
13544cb436cbe98f1b565d58244f53f8b38eb63b4a5177e4,3193,Who is Domhnall Mac Alasdair's paternal grandfather?,['Domhnall mac Raghnaill'],"

The correct answer is: Domhnall Mac Alasdair's paternal grandfather is Alasdair Mór."
14d2d8683a1b9eeec9c699b34d541076b43ecdd3eb37b30f,2549,"Who is John Of Luxembourg, Count Of Soissons's maternal grandfather?","['Robert of Bar, Count of Marle and Soissons']","
The correct answer is John II of Luxembourg, Count of Ligny and Guise."
5ea1b7cf56629956855b229046acb45cc77f03b262ce7aaa,3722,What is the cause of death of director of film Disgraced!?,['Parkinson'],"

The correct answer is: There is no information provided in the text about the cause of death of the director of the film Disgraced!"
dde2c006bfa530403e8c9bafc6497d0e65aad8cf1b6813ee,3256,Which country the director of film Mrs. Gibbons' Boys (Film) is from?,['French'],"
The correct answer is: France."
8ef697f16406fa0adcfe2782da3091e6a4000ce420f70720,3155,"Who is the mother of Nicholas Crispo, Lord Of Syros?",['Fiorenza Sanudo'],"
The correct answer is: Fiorenza I Sanudo, daughter of Emperor Alexios IV Komnenos of Trebizond, is the mother of Nicholas Crispo, Lord Of Syros."
1f1f8f7d0e3fe9ec70cf846d6d3f8e64167a9d3a571484f9,2553,"Who is the paternal grandfather of Louis Iv, Count Of Chiny?","['Albert, Count of Chiny']","
The correct answer is: Louis I, Count of Chiny"
478b8a4df45d2ca383f2a7b1f446915ade95b4d32be9229f,2670,"What is the date of birth of George Ernest, Count Of Erbach-Wildenstein's father?",['16 December 1597']," == The correct answer is: George Ernest, Count Of Erbach-Wildenstein's father was born on 15 October 1595."
883b4b8a680112178587dfb9511033c219999312a8e283e8,3303,What nationality is the director of film World And Time Enough?,['United States'], Australian
54a23d6cb838dd2a56c1ef30e4b4ecf742735f659c470879,2666,Where was the director of film The Dangerous Talent born?,['American'],"
The correct answer is: George L. Cox was born in the United States."
89c07ef3f30f2e55bae0db0e61b73f9213bf9cac755d3add,1981,"Which album was released more recently, Full Length Lp or Blow In The Wind?",['Blow In The Wind'],"
The correct answer is: Blow In The Wind was released more recently."
36844ec83d10cb7589958db002ce0acf4524a1bd5f23dc22,3719,Who is the paternal grandfather of Trịnh Doanh?,['Trịnh Bính'],"
The correct answer is: The paternal grandfather of Trịnh Doanh is 'Abdul-Muṭṭalib."
468e9ec2970d43aaea9e630d607c971e70bfc4488c526d65,2836,Are Breville and Jakab Industries both located in the same country?,['yes']," # The correct answer is: No. Breville is an Australian brand of small home appliances, while Jakab Industries is a coachbuilder in New South Wales, Australia."
c37d17a5c509660a9c90556ef5c695867186af73a9ab4390,2422,"Which film was released more recently, Eager Bodies or We Dive At Dawn?",['Eager Bodies'],"

The correct answer is: Eager Bodies was released more recently."
b18a8d110828baf5ddd8cb6c3f7bc31fa54f8e47523cf13f,3582,Where was the director of film Ashwamedha (Film) born?,['Channapatna'],"
The correct answer is: The director of film Ashwamedha (Film) was born in Switzerland."
e8414789dbe64525d8927dc2ff636d000a1f12af8d03b3a8,2193,"Which film has the director born earlier, Dos Basuras or Day Of The Painter?",['Dos Basuras'],"

The correct answer is: Dos Basuras. Kurt Land was born in 1913."
4015ec843357a57ba15b7c35c8009145d500a305dbd67416,3229,"Who was born first, Lương Hoàng Nam or Ross Mcmillan?",['Ross Mcmillan'],"

The correct answer is Lương Hoàng Nam."
512800a34732b97170358b8e1372c0f708126ae08372c441,3321,"Which country Eric Longlegs, Lord Of Langeland's father is from?",['Danish'], Denmark
a7fc0716a3d94af7381c25a4e1c0eb2e697631de06c9ebb2,3048,What is the place of birth of the director of film Northville Cemetery Massacre?,"['Toronto, Ontario']","  The correct answer is: The director of film Northville Cemetery Massacre is William Dear. He was born in Fayetteville, Arkansas."
b9995c8b89dd0bc26c2f2b4a77c7604ca4b60339b79a7744,3535,Which country the director of film Secrets Of A Door-To-Door Salesman is from?,['United Kingdom'],"
The correct answer is: Germany"
5e46e20a637625300d8e198a1d11435e9c83592bb527321a,3039,Where did the director of film The Little Door Into The World die?,['London']," 
The correct answer is: Tooting, London, England."
4bc4e1176125b7f02876ca7fe1a08ec4d69b220e5a43f36f,2976,Where was the place of death of the director of film The Divine Nymph?,['Rome'],"

The correct answer is: Rome."
6ed335d2f7555854fe36dce42f97d56693aba9a53fe82406,2916,"Which film was released earlier, Battle For Brooklyn or Crime In The Streets?",['Crime In The Streets'],"

The correct answer is: Crime In The Streets was released earlier."
10f214e9e44886b887a7fe742c949ab4d18d851df9ee68d2,3614,Where did Agnes Of Meissen's mother die?,['Frankfurt'],"
The correct answer is: In childbirth, in Italy, on 24 September 1133."
08329413599479c4da9c37f070361d36e0a440aa56deda69,3787,Which award the director of film Mithunam (2012 Film) received?,['Nandi Awards'],"
The director of film Mithunam (2012 Film) received the Nandi Award for Third Best Feature Film (2013) – Bronze and Special Jury Award: S. P. Balasubrahmanyam, Lakshmi, Tanikella Bharani and Best Dialogue Writer- Tanikella Bharani."
4a4a07a6b382ffd4b59514dc2c3f2263cd97e0a17ef08897,3248,Did Kenneth Duberstein and Lee Mcgeorge Durrell share the same nationality?,['yes'],"

The correct answer is: Yes, Kenneth Duberstein and Lee McGeorge Durrell are both American."
4eb5e12b259e10e05b72f9afe6c05e40bf42a1911896e417,3253,"Are both museums, Halifax Historical Museum and William P. Didusch Center For Urologic History, located in the same country?",['yes'], The correct answer is: Yes. Both museums are located in the United States.
d0719e52ba728ca7ce774af5f3800a9096561ed96e75594e,2049,Are Kakwa River and Bighead River located in the same country?,['yes'],"

The correct answer is: Yes. Both Kakwa River and Bighead River are located in the same country, which is Canada."
853a76d5cce07034f8d10c1f94bd8beb70f4e34f4a5638ee,2816,"When is Henry Ii, Margrave Of The Nordmark's father's birthday?",['1070'],"
The correct answer is: Henry Ii, Margrave Of The Nordmark's father was born around 1065."
41787a3d84bc8bec3d0d10839881ec35adfb4142d49b5482,1252,When is the director of film Les Tuche 2 's birthday?,['5 January 1964']," 
The correct answer is: Olivier Baroux was born on 12 March 1968."
37eb33998e8bd7ffe40969ac3161ad695983fcf651dac639,2859,Do Thomas Wykes (Chronicler) and Robert Simpson (Meteorologist) have the same nationality?,['no']," The correct answer is: Yes, both Thomas Wykes (Chronicler) and Robert Simpson (Meteorologist) are of Scottish nationality."
4eeccc001e35bae71774c67f0e0041ba5da92bfed98ae62f,1507,"Who is younger, Vrindavan Lal Verma or Kerem İnan?",['Kerem İnan'],"
The correct answer is: Vrindavan Lal Verma is older."
444af702474de881b7b810a1aa62ff8de378e213c31300fe,3218,When was John Scott (Died 1533)'s father born?,['1459'],"
The correct answer is: John Scott (Died 1533)'s father was born in 1459."
72b0975d7878f72d5b0142cf8e1551a8b8f124eaaa99a715,2980,"Which film has the director who was born first, Our Crazy Aunts or Dearest (2014 Film)?",['Our Crazy Aunts'],"
The correct answer is: Our Crazy Aunts (1961)"
e04fb667c00a2c99ad1a1a102b81865d021708de9a64e58e,3823,What nationality is the director of film The Tower Of Lies?,['Swedish']," 
The correct answer is: Swedish."
d7159102f8034cb0ad4834df59b0734f052a63c3a1d0f0bb,3621,"Which film has the director who was born first, Who'S Your Brother? or The Last Outpost (1951 Film)?","[""Who'S Your Brother?""]","
The correct answer is Who'S Your Brother? (1926 Film)."
51abb90e2dff9602a1fc42256819bf66b0c6b4746a872307,2957,Where was the place of death of Halldóra Eldjárn's husband?,"['Cleveland, Ohio']","

The correct answer is: The place of death of Halldóra Eldjárn's husband was in Cleveland, Ohio."
be2f02ca083a2f21854d8f24984ac450cf11215000ec1910,987,What is the date of death of Parimala Nagappa's husband?,['8 December 2002'],"

The correct answer is: The date of death of Parimala Nagappa's husband is unknown."
c67a466a8e3d23bf26e8943352ef9239007495c8bd6febec,3515,Was Shahanuddin Choudhury or Domenico Distilo born first?,['Shahanuddin Choudhury'], # The correct answer is: Shahanuddin Choudhury was born before Domenico Distilo.
eb67e4946d8c54784c30aa61dc756d82e2ed9030765f3ca5,1894,"What is the date of death of William Jolliffe, 4Th Baron Hylton's father?",['26 May 1945'],"
The correct answer is: 1771. However, the text provided does not mention the date of death of William Jolliffe, 4Th Baron Hylton's father. The text only mentions that he was the father of William Jolliffe, 4Th Baron Hylton and that he died sometime before 1821."
b6fdd8f9d56c029b83580e36d6b3642dbb387a9d60da03df,1765,Who is the father of the director of film Sources Of Life?,['Klaus Roehler'], The correct answer is Oskar Roehler.
8e5c5292e42825f60d52f62ffc53006513725eb27a831c48,2436,Are both The Bloom Of Yesterday and Fireworks (1954 Film) from the same country?,['yes'], # The correct answer is: Yes. Both The Bloom Of Yesterday and Fireworks (1954 Film) are from Germany.
180297f3e27b4439fddc8a088a52f37a1bae1605d57602f2,3513,"Which film whose director is younger, Mr. Fix-It or People Not As Bad As They Seem?",['People Not As Bad As They Seem'],"
The correct answer is: Mr. Fix-It is a 2006 American romantic comedy film starring David Boreanaz, and it was directed by Darin Ferriola. People Not As Bad As They Seem is a 1977 Finnish historical film directed by Rauni Mollberg. Therefore, Rauni Mollberg is older than Darin Ferriola."
214b402d003800d93cac0719cd79368392a320201cef08c9,3223,What is the place of birth of the director of film Sweet Substitute (Film)?,"['Johannesburg, South Africa']","
The correct answer is: The director of film Sweet Substitute was born in Canada."
0d5f36c56955cf6fd4509bacb40473a5f5a3e01e8638e0a9,1717,"Which film came out earlier, Where Are You? I'M Here or Patnam Vachina Pativrathalu?",['Patnam Vachina Pativrathalu'],"
The correct answer is Patnam Vachina Pativrathalu came out earlier. Patnam Vachina Pativrathalu was released in 1975, while Where Are You? I'M Here was released in 2021."
67153c83335bef7039781a9416b3497c9dcf884dcd7bda0b,2571,"Which film has the director born first, Stella'S Oorlog or Don Juan In A Girls' School?","[""Don Juan In A Girls' School""]", The correct answer is: Stella'S Oorlog.
40877325ac5773a0259a6e7a86ab477a4654a4cf8f94c149,2826,"What is the date of birth of Magnus I, Duke Of Mecklenburg's mother?",['1317'],"
The correct answer is: Euphemia of Sweden was born c. 1317."
62b8538f15d1af02f2e87a24e7ee549034906c5a870cac97,3934,Are both directors of films It'S Never Too Late (1956 Film) and The Slaughter Rule from the same country?,['yes']," The correct answer is: Yes, both directors are from the same country. They are both British."
0df95375e082998e11c14660675ca1d4d28cbf40c094fa47,3854,"Which film has the director died first, Mcguire Of The Mounted or The Man Unconquerable?",['Mcguire Of The Mounted'],"
The correct answer is: The Man Unconquerable. Joseph Henabery, the director of The Man Unconquerable, died on January 15, 1888. Mcguire Of The Mounted was directed by D. Ross Lederman, who is still alive."
edb60ceb434cc994df4b00ae08a49efb2f66a2ba0df1adf0,1889,"Who is Charles James Irwin Grant, 6Th Baron De Longueuil's paternal grandfather?",['Captain David Alexander Grant'],"
The correct answer is: Marie-Charles-Joseph Le Moyne, Baronne de Longueuil"
9a74e9b9111e3d13efa2b9b43c522354f7d5f3dae6ca5e96,2753,"Which film has the director who is older than the other, Women'S Weapons or She Wants Me? ","[""Women'S Weapons""]","

The correct answer is: Women'S Weapons. 

Explanation:
The given text states that Women'S Weapons is a lost 1918 American silent comedy-drama film directed by Robert G. Vignola. The text also states that She Wants Me is a 2012 comedy film directed by Rob Margolies. Since Robert G. Vignola was born before 1918, it is clear that he directed Women'S Weapons before he was born, making it the older film."
6967a9e68d49dd2ad975640d7f7f3d658d75a1c46b68c602,2359,"Which film has the director who died earlier, Tangled Destinies or The Daltons' Women?",['Tangled Destinies'],"

The correct answer is Tangled Destinies.

Tangled Destinies was released in 1932 and its director, G. Marthandan, died in 1891.

The Daltons' Women was released in 1950 and its director, Frank R. Strayer, died in 1964."
6ee099c71de8536b8f73518c6ba8d3c96366caa4869aa429,3272,"Which film has the director who died first, The Flesh Is Weak or One Does Not Play With Love?",['One Does Not Play With Love']," The Flesh Is Weak was released in 1957 and One Does Not Play With Love was released in 1932. Therefore, the director of The Flesh Is Weak died after the director of One Does Not Play With Love."
1acac2b501c918db8649deb5d075095b32a6c6eab6541f69,2905,"Who was born first, Selahattin Seyhun or Nil Tun Maung?",['Nil Tun Maung'],"
The correct answer is Nil Tun Maung was born first."
ec96dad9bf806f1c5597178f476df39ad6603170efabe914,2974,"Which film has the director born earlier, Everyone Else or The Girl From The Chartreuse?",['The Girl From The Chartreuse'],"

The correct answer is: The Girl From The Chartreuse was directed by Jean-Pierre Denis, who was born earlier than Maren Ade, who directed Everyone Else."
0292c4357991b8aba2eb4fc1f5cc48af3ce3724b33287e34,2561,"Which film whose director is younger, College Lovers or The Dixie Flyer?",['College Lovers'],
6d8a1896713b9716c02241ade5e30c401dea7f0dde5294b8,1495,Are Yadboro River and Pigna Barney River both located in the same country?,['yes'],"

The correct answer is: Yes. Both Yadboro River and Pigna Barney River are located in the same country, which is Australia."
801ba86d35c6efeed83facf9986520e8a6f12e000c1b963a,3567,What is the place of birth of the director of film Martian Child?,['Eindhoven'],"
The correct answer is: Dublin, Ireland."
16b98a59e06d1c72b4da73f79e5c99f936e8c2fdbee29a0b,3543,"Which film has the director who was born later, A Cafe In Cairo or War Drums?",['War Drums'],"

The correct answer is: War Drums. Reginald Le Borg was born in 1902. Chester Withey was born in 1887."
f479830ec67206a7edd48ae2ac6f8fc1f639da89caf1a0d2,1405,"Who was born earlier, Helen Clifton or Steve Barancik?",['Helen Clifton'],"

The correct answer is: Helen Clifton was born earlier."
ef3661117fc4fcb6bdf3ca0d2fff3c750290a808b18e9403,3821,Where did the director of film Cloudy Sunday study?,['London Film School'],"
The correct answer is: The director of film Cloudy Sunday, Manousos Manousakis, studied at the London Film School."
313350f4cf6f6589899303d892f49d9f83a79df302126841,3994,"Which film was released more recently, Hotel Reserve or Return To The Hiding Place?",['Return To The Hiding Place'],"

The correct answer is: Return To The Hiding Place was released more recently."
ad729152e6da9d8dded0f7a24f7a99722af9d02e38d8446d,2085,"When did Leka, Crown Prince Of Albania (Born 1982)'s mother die?",['17 July 2004'],"

The correct answer is: 22 October 2020."
e9ee8d6374657050f223db31eca26a8d512940a7940fba4e,3571,Who is Carlo I Cybo-Malaspina's maternal grandfather?,"[""Francesco d'Este""]","
The correct answer is Sir Henry Colley of Carbery Castle in County Kildare, Ireland."
07263575ae94e0561ab9d85e1227eadf18812836bc4f1dd8,2804,"Which film was released first, The Pirate'S Dream or Prem Mhanje Prem Mhanje Prem Asta?","[""The Pirate'S Dream""]","

The correct answer is: Prem Mhanje Prem Mhanje Prem Asta was released first. It was released in 1916. The Pirate'S Dream was released in 1916 as well, but it is a different film."
e1439b2d77ce90280f85c9b3aaca79d8880aa1f7d97545ea,2903,"Who lived longer, Fredy Schmidtke or Chou Meng-Tieh?",['Chou Meng-Tieh'],"
The correct answer is: Chou Meng-Tieh lived longer. Chou Meng-Tieh was born in 1906, while Fredy Schmidtke was born in 1961."
4757e04814693a1a0ddc4c330f892f678a9c74bb49599efb,2764,What is the place of birth of the composer of song Ma Che Freddo Fa?,['Santa Maria a Vico']," The composer of the song Ma Che Freddo Fa was born in Philadelphia, Pennsylvania."
4feab58950d63f3cc9a90c985f3d8be23e9dc97d53f03989,3303,"Which film was released earlier, Komaligal or Times Of Joy And Sorrow?",['Times Of Joy And Sorrow'],"

The correct answer is: Komaligal was released earlier, in 1976."
3cd55b0826fed3ba2514f1f3477412ceb1d54c958b74d2a1,3817,Where was the place of death of Salin Mibaya's husband?,['Pyay'],"

The correct answer is: The place of death of Salin Mibaya's husband was in Ava."
f920e9270cd0ef6a7db5e9f31c830c591a4e6443084ad25d,3191,What is the award that the composer of film Shivaay got?,['Filmfare Award'],"
The composer of film Shivaay won the 64th National Film Award for Best Special Effects."
04a89b092e375c921d967a3cb6cb77c6caf28ff1ec3a0dbf,6899,"Which film has the director who was born earlier, Born Into Brothels or Dr. Goldfoot And The Bikini Machine?",['Dr. Goldfoot And The Bikini Machine']," # The correct answer is Born Into Brothels. The director of Born Into Brothels, Zana Briski, was born earlier than the director of Dr. Goldfoot And The Bikini Machine, Norman Taurog."
d1cd11866ff12ea793c26c2d19db1259fcaa9cc2c7ebc1dc,6662,What is the date of death of the director of film The Man Without A Country (1917 Film)?,['9 September 1923'],"
The correct answer is: The date of death of the director of film The Man Without A Country (1917 Film) is unknown."
8af6d8a5fbee80d8de94359d33a5894a0c5169c9a33c7509,7168,Who is the mother-in-law of Queen Insun?,['Queen Munjeong'],"

The correct answer is: Queen Munjeong, played by Kim Hye-jun, is the mother-in-law of Queen Insun, played by Kim Tae-hee, in the 2016 JTBC TV series Mirror of the Witch."
9b357d3b583cd0dd72575f76173c48b9f8704ce7af37cac3,6147,What is the place of birth of Princess Amalia Of Saxe-Weimar-Eisenach's husband?,['Soestdijk Palace'],"

The correct answer is: Frankfurt an der Oder."
1e7b44a5002efba074f208c9778567477cc4d4a1ac53d7ef,4797,"Which country Albertine, Baroness Staël Von Holstein's father is from?",['Sweden'],"
The correct answer is: Denmark."
238c9791d4b5657f901615f165c478530891a2986fe93d05,4267,"Who was born later, Faiz Muhammad or Guillermo Capetillo?",['Guillermo Capetillo'],"

The correct answer is: Faiz Muhammad was born earlier than Guillermo Capetillo."
ef06eb197dec40c7fd672fcd6a3c2780917ec8c686049956,4132,Are the directors of both films When Lovers Part and Ladies In Distress from the same country?,['no'],"

The correct answer is: Yes, both directors, Travis Mathews, are American."
8a758fe292d901d43c7729a09392968963811f61842518f3,6907,What nationality is the performer of song Mimi (Song)?,['French'], The performer of song Mimi is French.
6c9e7d34cc840d3ef62aba7cf1fddf9501e0e238a3e56c80,4774,"Who lived longer, Werner Mensching or Karel Zich?",['Werner Mensching'],"
The correct answer is: Werner Mensching lived longer than Karel Zich."
b058a6541fba988d17aa0172344f2b537993008bedd729d5,4098,"Which film was released earlier, Nous, Princesses De Clèves or It'S A King?","[""It'S A King""]","
The correct answer is: Nous, Princesses De Clèves was released earlier. It was released in 1933, while It'S A King was released in 1933 as well, but it is a different film."
44fb06a1df8d376125f751d0bdee7696585e5c0d1a4e9f02,4629,What is the date of birth of Alfonso Fadrique's father?,['13 December 1272'],"
The correct answer is: Alfonso Fadrique's father was born in 1285."
0c7274b5100ebeee9e7c1437949590cf5722c3f00b454f92,4176,Do both films A Trial In Prague and Three Strangers have the directors that share the same nationality?,['yes'],"

The correct answer is: Yes. Both films A Trial In Prague and Three Strangers were directed by Jean Negulesco, who is a Romanian-American film director."
1f69042b1b5c54db57567137b3cc824c3cf27504897bd17d,4003,"Who was born later, Kiplangat Sang or Stein Erik Hagen?",['Kiplangat Sang'],"

The correct answer is: Stein Erik Hagen was born later."
f5baef0cdea8281ca147cfad48a104a418e04e3a8667cde5,5240,What is the place of birth of the director of film Confusion Na Wa?,['Barkin Ladi']," Jos, Nigeria"
3be59c383b827f15b3aeae8e3be3403f89c8635f0acf9330,4396,Where was the wife of Alfred L. Copley born?,['Seyðisfjörður'],"
The correct answer is: Clara McMillen was born in Bloomington, Indiana."
d9a612aad6d6d6f504633151e88dd819e36ed39303c0658b,5575,"Which film was released earlier, Pal Pal Dil Ke Paas or Another Earth?",['Another Earth'],"

The correct answer is: Pal Pal Dil Ke Paas was released earlier."
60163d86d206aaa179b61a2d43b27a7ec909b724b5685b50,4327,Which country Jakobea Of Baden's mother is from?,['German'],"

The correct answer is: France."
0a115dd145605a6f2b0eeb01830ff1b3c2a38f81e6734097,5734,Who is the child of the performer of song La Voix (Song)?,['Greta Thunberg'],"

The correct answer is: Greta Thunberg, the child of the performer of song La Voix (Song) is Greta Thunberg."
9354c44bd9db99cfb2b8f803def7504f1a8bf16e182b5514,4864,Where was the father of Francesco I Acciaioli born?,['Florence'],"
The correct answer is: The father of Francesco I Acciaioli was born in Florence."
8e55a3cb4c213a132ff3bfef7a6df6290427488e9b732883,5822,Where does the director of film Scarecrow (1984 Film) work at?,['High Courses for Scriptwriters and Film Directors'],"
The correct answer is: Rolan Bykov works at Mosfilm."
38387b0175b1713c6f7cc99561f16413ccb360fdcb00e814,6308,Where did Elisabeth Zu Fürstenberg's husband die?,['Stockach'],"
The correct answer is: Elisabeth Zu Fürstenberg's husband died at the Battle of Stockach in 1799."
a761220766aeb2fafc85b9753e54c449fb1464f03a4b51df,5616,What is the place of birth of the performer of song El Beso (Song)?,['Málaga'],"
The correct answer is: Pablo Alborán was born in London, England."
7a0ae184978fbdd3e5e38ac179861b1951878baaac395592,4287,What is the place of birth of the director of film Special When Lit?,"['Sydney, Australia']", # The correct answer is: The director of the film Special When Lit is Brett Sullivan. He was born in Australia.
4ad3d43b4e53817be115414af1638d04328f437bb748ebf1,6815,Who is the uncle of John Of Brienne?,['André of Brienne'],"
The correct answer is: John Of Brienne is the nephew, not the uncle."
569f8b123108053ea946f9efffbe0406abcfd288b5b13bf2,4759,"Which film has the director who died earlier, Deuces Wild or Cavalcade Of The West?",['Cavalcade Of The West']," 

The correct answer is Cavalcade Of The West. Harry L. Fraser, the director of Cavalcade Of The West, died in 1974. The director of Deuces Wild, Scott Kalvert, is still alive."
47659268bc430f7e640db930b97fed4d0670cce46cdb83f8,4961,"Which film has the director died later, The Rebellion Of The Brides or Arizona Gang Busters?",['The Rebellion Of The Brides'],"

The correct answer is: The Rebellion Of The Brides. The director of The Rebellion Of The Brides, Jean Rollin, died in 2010. The director of Arizona Gang Busters, Sam Newfield, died in 1964."
ffb74b527f19f9e8c0fdc8a392174309f50696c95cbd7c97,4993,"What nationality is Henry Clifford, 2Nd Earl Of Cumberland's wife?",['England'],"
The correct answer is: Lady Margaret Clifford, Countess of Cumberland is English."
59d531329c51fbdcdfc3e9af4565136b072a2af1d3b68ea2,7056,Are director of film Tactical Force and director of film Jumanji from the same country?,['yes'],"

The correct answer is: Yes, both directors, Jason Moore and Joe Johnston, are American."
3498041a8960ebd62cd1567bd884cd559d65792fc3014299,5794,Where was the place of death of Thaddeus P. Mott's father?,['New York'],"

The correct answer is: Beaulieu-sur-Loire, France."
d64ce42f72497e502a412d395566e55a3793d05b35004cb4,6417,"Who was born later, Paul De Scherff or Lyudmyla Olyanovska?",['Lyudmyla Olyanovska'], The correct answer is: Lyudmyla Olyanovska was born later.
fe284936ae55063527821e9ee610ae67958789167aa4ba1a,5421,Do both films: A Slave Of Vanity and Grace Of My Heart have the directors from the same country?,['yes'],"

The correct answer is: No.

A Slave Of Vanity was directed by Henry Otto, who was American.
Grace Of My Heart was directed by Allison Anders, who is American."
d524ca109e5ac6284dec16931f2403ef7859225cfde19e9e,5848,Where was the father of Bonne Of Bourbon born?,['Poitiers'],"
The correct answer is: The father of Bonne Of Bourbon was born in Moulins."
339cb93913d08713e8202ffe6e4043f35e844ac9b7de591d,5606,"Which film came out first, Su-Ki-Da or Tales From The Golden Age?",['Su-Ki-Da'],"
The correct answer is: Su-Ki-Da came out first."
d8a4ba25a31cde41c5ce4581f3c4cbd827cc6fc61b31ffe1,5645,"Which film has the director who was born later, Dead Man'S Letters or The Dance Of Death (1967 Film)?","[""Dead Man'S Letters""]"," The correct answer is: The Dance Of Death (1967 Film) was directed by Michael Verhoeven, who was born earlier than Konstantin Lopushansky, who directed Dead Man'S Letters."
2820f5f6db2a73a11f6269437ced07bf92dd3636cfda02ee,5850,Who is the father of the performer of song Everybody Needs A Best Friend?,['Ravi Shankar'],"
The correct answer is Seth MacFarlane."
3ecc9e2e427f95b0af2c256b0a538ba534a4e28adc21ac29,5939,Where did Elizabeth Brooke (1503–1560)'s husband study at?,"[""St John's College""]", Elizabeth Brooke's husband studied at Cambridge.
feac1266126ef65a017535d551c19f741c29144a057bac71,4497,"Which film has the director born first, Viva Knievel! or Maria Marten, Or The Murder In The Red Barn?","['Maria Marten, Or The Murder In The Red Barn']","
The correct answer is: Maria Marten, Or The Murder In The Red Barn was released first."
079131850286083a72ba811e3124c3c266f7a7aba5b7f5b6,7360,Who is the father-in-law of Chiang Fang-Liang?,['Chiang Kai-shek'],"

The correct answer is: Viscount Ogawa Mataji"
da6e2f15aa7f645e3bb8393116a36ea20d8039448fdbf241,4185,"What is the date of death of Andrew, Duke Of Slavonia's father?",['6 August 1272']," The correct answer is: Béla IV, Duke of Slavonia's father died on 3 May 1270."
ca06c3f82b647eb99a1c7b5d69047e9b373e600144bb80ee,4264,"Who is Charles Gordon, 2Nd Earl Of Aboyne's paternal grandmother?",['Lady Anne Campbell'],"

The correct answer is Hubba bint Hulail."
774f30cf8adfb5c720dddb850cc3c22709487d594d042e54,5491,"Which film came out earlier, Hell And Mr. Fudge or Yes Or No??",['Yes Or No?'],  The correct answer is: Hell And Mr. Fudge came out earlier.
3ff90e4a03bbab1ee558b8f8c49f99ede2a353921d9a63ad,4141,Do director of film Father'S Day (1996 Film) and director of film The Pursuit Of Happiness (1971 Film) have the same nationality?,['yes']," The correct answer is: Yes, both directors, Sherry Hormann and Ian Barry, are German."
f47a70ebc3471bb3fc81f93c8c812af1fb71048a720c3a47,6000,"Which country John Ii, Duke Of Lorraine's father is from?",['French'],"
The correct answer is France."
8c2e68d24afdb2a83a0299059a0ca6b5df4e4490e262bbe6,5078,"Are both movies, Don'T Bet On Blondes and The Empress And I, from the same country?",['no'],"

The correct answer is: Yes, both movies are from Japan."
1359ea4b835842cf7d0192cfa52c4f8af5656b00f230f69b,4155,"Which film has the director who died earlier, Lassie Come Home or Prairie Thunder?",['Prairie Thunder'],"
The correct answer is: Lassie Come Home. The director of Lassie Come Home, B. Reeves Eason, died in 1956. The director of Prairie Thunder, Abhishek Saxena, died in 1943."
dbf1e1aaf4bb930e3520de800091020e5b391556904e0ed9,4171,"Which film has the director who died earlier, Everything'S Ducky or Karthika (Film)?","[""Everything'S Ducky""]", The correct answer is: Karthika (Film)
2eda134b5c6564d2f1f8f3b135e65c9d42cdd63bc6fb7741,5191,"Who was born first, Jörn Lenz or Alejandro Romualdo?",['Alejandro Romualdo'], # The correct answer is: Jörn Lenz was born first.
8d5000c1cbd7582bdf96735f824c713974eb9c63797a2e48,5540,"Which film has the director who was born first, Throw Momma From The Train or Dona Mariquita Of My Heart?",['Dona Mariquita Of My Heart'], The correct answer is: Dona Mariquita Of My Heart.
98a876b06f01c95087197cb532bb41013ac07c5598003e3a,4356,"Who is the paternal grandfather of Amadeus Viii, Duke Of Savoy?","['Amadeus VI, Count of Savoy']","
The correct answer is: Amadeus Viii, Duke Of Savoy is the paternal grandson of Amadeus VII, Count Of Savoy. Therefore, Amadeus VII, Count Of Savoy is the paternal grandfather of Amadeus Viii, Duke Of Savoy."
f0e14b404e9ff2b697b784fd8395d8eeecd279eaff02df1a,7317,Who is the mother-in-law of Maria Caroline Gibert De Lametz?,"[""Louise d'Aumont""]","
The correct answer is Princess Caroline of Monaco."
73a910a9f551d4d274e6f329d3f8a5049561120fae602224,4374,Where did the director of film Crd (Film) study?,['UCLA'],"
The correct answer is: The director of film Crd (Film) studied at UCLA (University of California, Los Angeles) and FTII (Film and Television Institute of India)."
fabab5b0e03630edd99d2b2ea223ff953d0d8de032a11bb1,4038,"What is the date of death of George Feilding, 1St Earl Of Desmond's father?",['8 April 1643'],"
The correct answer is 1398."
004f56357e6d3851026b1a760360d2edc0e23d1d997bfea8,4399,Where was the director of film The Messenger (2009 Film) born?,['Israeli']," 

The correct answer is: The director of film The Messenger (2009 Film) was born in Jaffa, Israel."
79e5312122eb8a7811f0ac120e76d2ff7576287cab7c6a63,5159,Where was the place of death of Amaury De Montfort (Died 1241)'s father?,['Toulouse'],"
The correct answer is: The place of death of Amaury De Montfort (Died 1241)'s father was at the siege of Varilhes in the Albigensian Crusade."
2fb979b11527f947e3c2b78425d5b9b5b7747941098e344f,5174,Where was the father of R. Whidden Ganong born?,"['St. Stephen, New Brunswick']"," The correct answer is: Boston, Massachusetts."
9df763aa74342832d7a49aef6c3164f15a550c09968d1378,4234,"Which film was released more recently, Morchha or The Thing About My Folks?",['The Thing About My Folks']," Morchha was released in 1980 and The Thing About My Folks was released in 2005. Therefore, The Thing About My Folks was released more recently."
154a6622a73d4e3db1f02476113b94d8c527b7d0ac01ed9a,4881,Who is Rameshwari Nehru's father-in-law?,['Nandlal Nehru'],"
The correct answer is Ludwig von Westphalen."
2924e8ee211188de180c4a1e39f85554615b2090e139eb63,7025,"Which film has the director who is older, See Naples And Die or Season Of Strangers?",['See Naples And Die']," The correct answer is: See Naples And Die. The director of See Naples And Die is Riccardo Freda, who was born in 1909. The director of Season Of Strangers is Jack Clayton, who was born in 1921."
85f3200158511b95a7eb4ed5bf9c4698247662ff8a40943c,4083,Who is the paternal grandmother of Archduchess Dolores Of Austria?,['Princess Maria Immaculata of Bourbon-Two Sicilies'], # The correct answer is Infanta Blanca of Spain.
0b8977d31c66e37a03d592bb1a798d21c257493fc55cda10,6245,What is the place of birth of Mi Saw U's father?,['Bagan'],"
The correct answer is: Belfast, Northern Ireland."
74f0f31fc1a89028c0fffa4052d8acb2c92729e0122c67b2,5306,Where did Francis W. Rockwell's father study?,['Yale'],"
The correct answer is: Francis W. Rockwell's father studied law."
9e9c4bdf1d27af305babdee3de3e6800a8a29e1956a1d30a,5248,"Are the movies Amy (2015 Film) and Manhattan Angel, from the same country?",['no'],"

The correct answer is: Yes, both Amy (2015 Film) and Manhattan Angel are from the same country, which is the United Kingdom."
78877dc3800b31f7831cf2f941219ee29493e35b53b059a1,4421,What nationality is the director of film The Shark (1920 Film)?,['Canadian'], Dell Henderson is an American director.
580cf59074e3c57611569b2ea0f0916626954abb02804e6b,7053,Where was the place of death of Helena (Empress)'s husband?,['Eboracum'],"
  The correct answer is: Beaulieu-sur-Loire."
977a06fd17dadfff5c389d40fdd5a91ffcc56a45dd53fa35,5307,"Which film has the director who was born later, Borsalino & Co. or Köpekler Adası?",['Köpekler Adası'], Borsalino & Co.
8d85a890f8b65203743e4e9411416d216e2bdf65f626cf23,4733,What nationality is the director of film Muvva Gopaludu?,['Indian'], Kodi Ramakrishna is an Indian film director.
6a1b88bdf6b4452fbdbbc79f52f47b1ef42fa1c058e9d236,4110,Where did the director of film Temptation (1959 Film) die?,['Nice'],"
The correct answer is: The director of film Temptation (1959 Film) died in Nice, France."
787a7fa58b79c188686922efbf6bbf13f30e63e699f0d96b,5611,"Which film has the director who was born first, Hanuman Patal Vijay or Young And Dangerous: The Prequel?",['Hanuman Patal Vijay']," 

The correct answer is: Hanuman Patal Vijay. The film Hanuman Patal Vijay was released in 1996, and the director of the film, Andrew Lau, was born on April 4, 1960. The film Young And Dangerous: The Prequel was also released in 1996, but the director of the film, Andrew Lau, was also born on April 4, 1960. However, since Hanuman Patal Vijay was released earlier in the year, it is the older film."
ec4d2bc458764f6bb22a554fcff40c78d1ea54c9b941b9cd,4707,Who is Coirpre Mac Fogartaig's paternal grandfather?,['Niall mac Cernaig Sotal'],"

The correct answer is: Fujiwara no Fuyutsugu."
daaf2e7324a8339d157f22a8060117f70cc05a0e87ff37d1,5428,"Where did Elisabeth Of Hesse, Electress Palatine's mother die?",['Kassel'],"
The correct answer is: Elisabeth Of Hesse, Electress Palatine's mother died in Ludwigslust, Grand Duchy of Mecklenburg-Schwerin."
22795cc836665fae4d6dbd8d676b0cd6be16fb7f5068c985,4643,"Who was born first, Brodie Croft or Saad Abdulrahman?",['Saad Abdulrahman'],"
The correct answer is: Saad Abdulrahman was born first."
79b55eec86dd6e66a393dd4d6e510b7e696784781a6b6909,4678,"Where did Joanna, Duchess Of Durazzo's mother die?",['Neapolitan'],"
The correct answer is: Marie Joséphine d'Évreux, Duchess of Anjou, died in Naples."
5d40d1a2db550f9a3d7c047b911ae92b38fe7af8a69eda84,7724,Where was the performer of song Get A Life – Get Alive born?,['Vöcklabruck'],"
The performer of song Get A Life – Get Alive was born in West Berlin, West Germany."
e073fe98e7399449d3472ff2c32bb8dedfc57fb49c773ee3,5382,"Which film has the director born earlier, Pieces Of A Woman or Oriental Nights?",['Oriental Nights']," The correct answer is: Oriental Nights was directed by Heinz Paul, who was born earlier than Kornél Mundruczó, who directed Pieces Of A Woman."
7d16ac30561f6c27fcc89c64935d0f3a9367123cb90045fe,4846,"Who is the paternal grandfather of Thomas Beaufort, Count Of Perche?",['John of Gaunt'],"
The correct answer is Geoffrey II, Count of Perche."
4b75cc29103067312be5cecb01b75f9a573d51a384f3fc99,6785,Where did Martha Bulloch Roosevelt's husband die?,['New York'],"
The correct answer is: Martha Bulloch Roosevelt's husband died in Savannah, Georgia."
b8737cbf764dc336463c1c85ad212b604a8825fd1feadd69,4645,Who is the maternal grandfather of Prince Christian Of Hesse?,['Frederick V of Denmark'],"
The correct answer is: King Christian X of Denmark"
37619a016827bb34e18a62cfd04973927ef28a5751b50861,6532,"Are the bands Knuckle Puck and Aqua (Band), from the same country?",['no']," Yes, both Knuckle Puck and Aqua (Band) are from the United States."
37c2f3d34ab7cc04a5985712fe35b9ec24dd218fa4985772,6308,"Who was born earlier, Marco Bortolami or Yan Yan Chan?",['Yan Yan Chan'], Marco Bortolami was born earlier.
7eec2170fed75c198bfa60ddf8505a51e8b00b888ea01a52,5692,What nationality is the composer of song Inescapable (Song)?,['American']," The composer of the song Inescapable is Michelangelo Faggioli, who is Italian."
533d60d939fb6bc22e89e75a45aec3eb7e198d8b3aef0c6d,5160,"Which film has the director who died earlier, You'Re Missing The Point or La Figliastra?","[""You'Re Missing The Point""]","

The correct answer is: La Figliastra. The director of La Figliastra, Juan Bustillo Oro, died before the release of You'Re Missing The Point."
a69b19d14a6387991f7dc3ec2981a854b9ab1ba23876d1a2,5351,Who is Konrad Iii The Old's paternal grandfather?,['Konrad I of Oleśnica'],"
The correct answer is: The paternal grandfather of Konrad III the Old is Casimir I, Duke of Cieszyn."
8c701e4113f34446d9d2f2a8f10426690f405aaa82aa04b5,5750,"Which film has the director who was born later, Maneater Of Hydra or The Fighting Seabees?",['Maneater Of Hydra'],"

The correct answer is Maneater Of Hydra. Maneater Of Hydra was released in 1967, and Mel Welles was born in 1917. The Fighting Seabees was released in 1941, and Edward Ludwig was born in 1903."
5d2435c261cf4ec0635d68b92006f7926e6739eea53c202b,4254,Who is the paternal grandfather of Nia Segamain?,['Fer Corb'],"
The correct answer is Adamair."
df26a4d86dc9b42db852cc02c6231f14bf681303430b1364,5628,Where does Philip Goodhart's father work at?,['Oxford']," Philip Goodhart's father, Arthur Lehman Goodhart, works at the Bank of England."
dac493ba4f0384ffeca47421d2111feceecf2750e56e73f9,6118,"Who was born later, Jean Daninos or Lincoln Kilpatrick Jr.?",['Lincoln Kilpatrick Jr.'],"
The correct answer is: Jean Daninos was born earlier."
7022cbda00a72169cc470d7879da58fc0673ff175aa1f19f,7764,Which country Chu Lingyuan's husband is from?,['China'],"
The correct answer is China."
0f356f26b81fba8d85f6f24e82f2d11dfdd8ee32bc7025bd,6197,Which country Eugenia Livanos's husband is from?,['Greek'],"
The correct answer is: Greece."
ab93c8b5c1a68316d04c11e7a9a4e9816cd754d7f655e6f6,4215,"Who is Sancha Of Castile, Queen Of Aragon's paternal grandmother?",['Urraca of León'],"
The correct answer is: Alfonso VII of León and Castile"
ff1f1458c122cb17935c5b235537854af253dfffcd37f98d,4162,Where did the director of film Defilada graduate from?,['Warsaw School of Economics'], Andrzej Fidyk graduated from the University College-Dublin.
23c31f6cbc44072212b709b7348b2b6f8a012d997aaa706d,5648,"Which film has the director born first, The Ugly Ones or Practical Jokers?",['Practical Jokers'],"

The correct answer is: The Ugly Ones."
379a5df5053403945db30c234b02d7d7087a593b070abb95,4787,"Which film has the director who is older, Cry Of The Hunted or Salvage With A Smile?",['Salvage With A Smile'],"

The correct answer is: Cry Of The Hunted. Joseph H. Lewis was born in 1903. Adrian Brunel was born in 1902."
891a3e506822e0c94cdbc63c673cf78d6b919a7479c1e961,5303,"Which film was released more recently, Singapore Dreaming or Gray Lady Down?",['Singapore Dreaming'],"

The correct answer is Singapore Dreaming. Singapore Dreaming was released in 2006, while Gray Lady Down was released in 1975."
4e1520d379bc44b174f44482a9f512db0a7f9db46b7b68b7,5217,"Who lived longer, Motu Hafoka or Wilhelm Meise?",['Wilhelm Meise'],"

The correct answer is: Motu Hafoka lived shorter. He died on 30 June 2012 and Wilhelm Meise died on 26 April 1871."
70601344d5c269a97df44b9d3429bfcc5230800d6c97ac3a,5047,Who is the paternal grandmother of Seleucus V Philometor?,['Laodice V']," # The correct answer is Cleopatra Thea, the daughter of Demetrius II Nicator."
4634cb79db611f92c95058db25906924969edc6a4fa86796,4460,"Which film has the director who is older than the other, Ebar Shabor or Circle Of Deception? ",['Circle Of Deception'],"
The correct answer is: Ebar Shabor. The director of Ebar Shabor, Arindam Sil, was born in 1964, while the director of Circle Of Deception, Thomas Hubbard Sumner, was born in 1807."
f212a163fb7a09cc359579e6556fa9673926760ed4c9adc6,5552,"Are the movies Je Suis Né D'Une Cigogne and La Chair De L'Orchidée, from the same country?",['yes'],"

The correct answer is: Both films are French."
abcece2a80908d35b2f960f69df896560b7945225fd8f8e7,7761,"Which film has the director who died later, Searchlight On Japan or Beauties Of The Night?",['Searchlight On Japan']," 

The correct answer is: The film Beauties Of The Night was released before the death of the director."
6b201c0435cc4b092d4e902e776e9fa619d1881a903d2e72,5793,Who is Sirikitiya Jensen's maternal grandmother?,['Sirikit'],"
The correct answer is Anne Denman."
32482945828a5aab162d7534d56b2b39f5292f6cd0fe0587,4584,"Who is Hermann, Prince Of Hohenlohe-Langenburg's paternal grandfather?",['Charles Louis'],"
The correct answer is: Prince William of Baden."
57d950b45a45d065fadfe4f352de3f11fcf3d7f57b89e322,9522,"Which film whose director is younger, Torments Of The Night or Dirty Dancing?",['Dirty Dancing'],"

The correct answer is: Torments Of The Night. Curtis Bernhardt, the director of Torments Of The Night, was born in 1899. Patrick Swayze, the director of Dirty Dancing, was born in 1952. Therefore, Bernhardt is older than Swayze. However, the question asks which film's director is younger, so the correct answer is that the director of Torments Of The Night is older."
dd3a33f7a133c0cf642f5c916366314d4a4833334e35e724,10675,"Which film has the director died first, A Cinema Girl'S Romance or Buffalo Bill, Hero Of The Far West?","[""A Cinema Girl'S Romance""]"," The correct answer is: A Cinema Girl'S Romance. The director of A Cinema Girl'S Romance, George Pearson, died in 1973. The director of Buffalo Bill, Hero Of The Far West, Robert Altman, died in 2006."
65590dadf33ffaf6588e11574f9534f5bd2cfd6be6ed04af,11081,Where was the place of burial of Meritites I's husband?,['Great Pyramid of Giza'],"

The correct answer is: The place of burial of Meritites I's husband is unknown."
ed5cc4c54d4f1e0c40ed2f1856e2a7b77727ec270fb7ea8d,10724,Who is the spouse of the composer of film Carmen On Ice?,['Geneviève Halévy'],"

The correct answer is: The composer of the film Carmen On Ice is Georges Bizet. The spouse of Georges Bizet is Geneviève Halévy."
fc80892790b31b3cc4863aec12c7c4231b79b71ede178fcb,9833,Who is the paternal grandmother of Julia Drusilla (Daughter Of Caligula)?,['Agrippina the Elder'],"

The correct answer is Anne Denman, played by Anne St. Clair in the 1976 BBC mini-series I, Claudius."
d21649a79fe09ff3a8fb6b24c8cf2080e5aed3d29314fd9e,10369,Who is the spouse of the director of film The Glass Boat?,['Käthe von Nagy'],"
The correct answer is Constantin J. David."
895501bb4736e0444f51d79ad89dbf1ba864fbe5746bf60d,11645,Where was the place of death of Mark Rockefeller's father?,['New York'],"
The correct answer is: Kykuit, the Rockefeller family estate in Pocantico Hills, New York."
3a4153b2cd645e567d268c92fc153be937caefb93ac238df,8135,Where did the composer of song Stairway To Paradise die?,['Hollywood'],"
The composer of the song Stairway To Paradise, George Gershwin, died in Los Angeles, California, on July 11, 1937."
8b06481342514795c94dba8c3908439d584f6e4cdd87c2cd,10844,"Where did Thomas Howard, 2Nd Duke Of Norfolk's father die?",['Battle of Bosworth'],"
The correct answer is: Thomas Howard, 2Nd Duke Of Norfolk's father died at the Battle of Bosworth Field on 22 August 1485."
fe435be4a12cc594fc8802bfcf90f347b021af5ad41e8bff,8391,Do both films The Ides Of March (2011 Film) and Killer'S Romance have the directors from the same country?,['no'],"

The correct answer is: Yes, both films have directors from the same country. Philip Ko, who is from Hong Kong, directed Killer's Romance (1990), and George Clooney, who is also from the United States, directed The Ides of March (2011). However, it's important to note that Philip Ko's film was produced in Hong Kong, while The Ides of March was produced in the United States."
946f55e2ae8f0554988eafb8742ad72df47697cc67d5a1da,10928,Where did Sarah Scullin's husband graduate from?,['Ballarat'], Sarah Scullin's husband graduated from Melbourne General Cemetery.
35a170925f742e797e3009a3de4fb04254adc24b27c18327,11847,"Which film whose director is younger, Back To School or Bitter Moon?",['Back To School']," 
The correct answer is: Back To School. Roman Polanski directed Bitter Moon, which was released in 1992, and he is older than Rodney Dangerfield, who directed Back To School, which was released in 1986."
ee48c43c95fa56bfe9b01e1972a65fe143f6e0905bb9da7f,11780,"Which film has the director born first, Free Hand For A Tough Cop or Man'S Favorite Sport??","[""Man'S Favorite Sport?""]","
The correct answer is: Free Hand For A Tough Cop was released before Man'S Favorite Sport?."
2344eeed78f160706f574a00ac6fce2601bdfbda95b0847c,9033,Where does Maureen Reagan's mother work at?,['Warner Bros.']," Maureen Reagan's mother, Jane Wyman, is a Hollywood actress."
56608e144ec858fa3185b2ac9e561547c68a5909c33033ba,10265,Who is the spouse of the director of film Shaadi Ka Laddoo?,['Mandira Bedi'], # The correct answer is: The spouse of the director of film Shaadi Ka Laddoo is Marie-Claire Heureuse Félicité.
5d96128f61a057b9dbd947816e3d1344ec721974476308ce,8513,Where did Rainilaiarivony's father die?,['Kingdom of Imerina'],"

The correct answer is: Rainilaiarivony's father died in 1852."
da0b455bd3394d2118bf242b9458c3857d5d6e9ccbf07f64,11664,"Which film has the director who was born earlier, South Sea Sinner or I Was A Male War Bride?",['I Was A Male War Bride']," 
The correct answer is South Sea Sinner. Howard Hawks was born in 1896, and I Was A Male War Bride was released in 1949. South Sea Sinner, on the other hand, was released in 1937, and Howard Hawks directed it."
4fff6183a4b54b4882e619b0641bc5371d4f0d14be96893c,8868,Where was the place of burial of Şirin Hatun's husband?,['Turkish'],"
The correct answer is: The place of burial of Şirin Hatun's husband is in the precincts of Daigo-ji, which is why the former-emperor's posthumous name became Daigo-tennō."
3795313abd01d109fcd48784fd0930d7af60a7caa223cdfe,9433,Who is the mother-in-law of Prince Radu Of Romania?,['Queen Anne of Romania'],"
The correct answer is: Maria Thins, played by Dame Diana Rigg, is the mother-in-law of Prince Radu of Romania."
7e9f113e82fc06b71e2d1791d35e6fb5d9548f7e2d37e68a,8098,Where was the director of film The Central Park Five born?,['Brooklyn']," The correct answer is: The director of film The Central Park Five, Olav Aaraas, was born in Fredrikstad, Norway."
fd540d0934a1450311a70666fe922779d77a831c56f545d2,11346,What is the cause of death of Alexandra Voronin's husband?,['firing squad'],"

The correct answer is: Alexandra Voronin's husband died in an accident."
2f09ba9e44f712209fb73586e9f4fcc3b4080409689fe4b0,11017,Why did Grand Duke Kirill Vladimirovich Of Russia's wife die?,['stroke'],"
The correct answer is: Grand Duchess Victoria Melita of Russia, Kirill's wife, died after suffering a stroke while visiting her daughter Maria in Amorbach in Brittany."
cddd24b3abd6643af5507f0bd5f523ce049256756a6a3648,10804,When was the presenter of Tim Russert (Talk Show) born?,"['May 7, 1950']"," The correct answer is: Tim Russert (Talk Show) was born on April 7, 1958."
c085e944c27941be03b4e45db3039b45a31f3c50117537a9,11496,"Which country the performer of song That'S Good, That'S Bad (Frankie Laine Song) is from?",['America'],"
The performer of the song That'S Good, That'S Bad (Frankie Laine Song) is from the United States."
ff147ffa9d6d295cdd0bfe0d0c99ec8dc6c212c3a4d3086a,10856,Do both Modesty Blaise (1966 Film) and Desperate Living films have the directors from the same country?,['yes'],
e3b48ce573be703c885c575899651a98ec7317b8d788e92d,10039,Where did the director of film Circle Of The Sun study?,['Southern Alberta Institute of Technology']," 

The correct answer is: The director of film Circle Of The Sun studied at University College-Dublin."
8dd616390124afd4e969f4764bf8fe02b8f4a60a3443c061,9041,Where did the director of film The Brave Bulls (Film) die?,['Hollywood'],"
The director of film The Brave Bulls (Film) died in El Paso, Texas."
c0589a8a7f7861f01a1a6396aeafcf23caaa2f0e154b711a,11355,Where did the performer of song Protection (Donna Summer Song) die?,['Naples'],"
The performer of the song ""Protection"" (Donna Summer Song) died in June 2012 at the age of 45 years from pancreatic cancer, at her home in Naples, Florida."
a404b5f1c4663d5e1aca2ddf6e5cc0f2b00a45c53c9181c9,8017,Where did the director of film Only The Lonely (Film) study?,['Tisch'],"
The correct answer is: The director of film Only The Lonely (Robert Lamoureux) studied at University College-Dublin."
9a1ec3f581a0267d71a30d7661ceb6e277b0be8a58c12e6e,11509,What is the award that the composer of song The Seeker (The Who Song) earned?,['Kennedy Center Honors'], The composer of the song The Seeker (The Who Song) earned a Grammy Award.
88b2be0a381982b7b05070e267d2440c77654bc8128403e6,11496,Who is the mother-in-law of Beatrice Of Provence?,['Blanche of Castile'],"

Marian Shields Robinson"
0f7c34cfb1c045d4b8242556440930f7d5ce60e4754443b4,10289,Were Don Leo Jonathan and Richard F. Kneip of the same nationality?,['yes'],"

The correct answer is: No, Don Leo Jonathan is African-American and Richard F. Kneip is of Luxembourgish ancestry."
9cda7c350b304bb4031d1f45de52bd897f0c79fb16aeafb8,11617,"Which film has the director who was born later, Steele Of The Royal Mounted or Beauty No. 2?",['Beauty No. 2']," 
The correct answer is: Steele Of The Royal Mounted was directed by J. Gordon Edwards, who was born before the director of Beauty No. 2, Maurice Tourneur."
49f7b1a3cba0780245fe5dd975a3d396cf0301be50fe624c,9815,Do both directors of films Mr. And Mrs. Iyer and Ponnu Veetukkaran have the same nationality?,['yes'],"

The correct answer is: Yes, both directors, Aparna Sen and P. Vasu, are Indian."
00e8a018b17073a175614172e73871939a3b2ac4ca0c71c0,8510,Where was the performer of song Greatest Love (Ciara Song) born?,"['Austin, Texas']"," The correct answer is: Ciara was born in Atlanta, Georgia, United States."
24144554a83a55c968553f1def746d606e45881afe44feff,9965,"Which film whose director was born first, Kuei-Mei, A Woman or A Castle In Italy?","['Kuei-Mei, A Woman']"," 
The correct answer is: Kuei-Mei, A Woman was directed by Koji Shima before A Castle In Italy was directed by Koji Shima."
655fc29d0115a80d33282ccc52486416f3e2225f30f645c2,8535,"Who is Philipp I, Count Of Hanau-Münzenberg's maternal grandfather?",['Otto I'],"

The correct answer is Count Palatine Otto I of Mosbach."
97dd525d6b0d91e4d483f22988607e87048cfe088af93d80,11186,What is the cause of death of director of film Love On The Ground?,['Alzheimer'],"
The director of the film Love On The Ground is Martine Marignac. She is still alive."
cca264d7bde411c4959eb2e5fb33d9689ffb893184b023d8,10297,Who is the spouse of the director of film Jimmy Gallu?,['B. V. Radha']," The correct answer is: Marie-Louise Coidavid, daughter of José Antonio Mestre y Álvarez and María Teresa Batista y Falla de Mestre, is the spouse of the director of film Jimmy Gallu."
90c0b94b55bd4b31318d1fe53ac681eac695021547503740,8597,"Which one was established first, The Gravity Group or Victoria'S Secret?","[""Victoria'S Secret""]", The Gravity Group was established first.
d3624780a9e9ffd5d7685f3f14e4df5d2a52601c151067fa,12248,Who is Margaret Hughes's father-in-law?,['Frederick V'],"
The correct answer is Johann Ludwig von Westphalen."
0e0bc7878677a1e7602253b2c26f6f96e58bc454b2b03ab8,9195,Are Ed Stelmach and Jack Goohsen of the same nationality?,['yes'],"

The correct answer is: Yes, both Ed Stelmach and Jack Goohsen are Canadian."
a12cab6db102d0096a60793a7681384930172b9f66642b88,11719,What is the place of birth of David Hyrum Smith's father?,['Sharon'],"
The place of birth of David Hyrum Smith's father is Joseph Smith Sr. He was born in Sharon, Vermont."
ff2da93ebf68b5f17fc7a7ba517067923702187fa561f91a,9455,"Where does the director of film L'Arbre, Le Maire Et La Médiathèque work at?",['Cahiers du cinéma']," The correct answer is: The director of film L'Arbre, Le Maire Et La Médiathèque works in France."
ee5d9f9d86e7e98659e3e81baff53f13807147550593b3bb,10129,"Who is Joan Of France, Duchess Of Brittany's maternal grandmother?",['Taddea Visconti'],"
The correct answer is: Marie Joséphine Edwards, daughter of Gilbert Elliot-Murray-Kynynmound, 4th Earl Cairns, is Joan Of France, Duchess Of Brittany's maternal grandmother."
4ced3912f614aca56f95eb0431c22e53c24c05717bf75f62,10959,Where was the director of film War Of The Buttons (1994 Film) born?,"['Buffalo, New York']", The correct answer is Yann Samuell.
38ef6500ef63554606cf0cbea9d2a1839d2c162ddee3d5e3,8217,Where was the performer of song Wee Wee Hours born?,"['St. Louis, Missouri']","The correct answer is St. Louis, Missouri."
889a1f36f923d982676936ef5e04a451058981bc3ebdb614,8102,What is the place of birth of the composer of song Bullet (Misfits Song)?,"['Lodi, New Jersey']","
The composer of song Bullet (Misfits Song) was born in Philadelphia, Pennsylvania."
99f20fa9a6c649ab2d8158e55dec3f11a62ff85ccc4bfd06,9037,What is the place of birth of the founder of university University Of Los Andes (Colombia)?,['Paris'],"
The correct answer is: The founder of University Of Los Andes (Colombia) was born in Philadelphia, Pennsylvania, United States."
ae89a74d85721669f0befd1330ce01155e78286c2f487b0c,10683,Where does Olaf Iii Of Norway's father work at?,['Varangian Guard'], Olaf Iii Of Norway's father worked at Kievan Rus'.
a827b18fdd282f4927917274185947356b3ad903c4cb1138,8890,"Which film came out earlier, Terminator 3: Rise Of The Machines or The Adventures Of Nellie Bly?",['The Adventures Of Nellie Bly']," # The correct answer is: The Adventures Of Nellie Bly came out earlier. It was released in 1981, while Terminator 3: Rise Of The Machines was released in 2003."
151426237d6b0e7678191426593135623644541aba08e8ad,9857,What is the cause of death of performer of song Just Playing (Dreams)?,['drive-by shooting'], The performer of the song Just Playing (Dreams) was shot and killed by an unidentified assailant in a drive-by shooting.
7de7d760b636aee90f01cbc0d33fcd4f3029bfbe12edf862,9121,"Which film has the director died later, Tenth Avenue Angel or Brink Of Life?",['Brink Of Life'],"

The correct answer is: Tenth Avenue Angel. Ingmar Bergman died on July 30, 2007. The film Brink of Life was directed by John Florea and was released in 1972. Tenth Avenue Angel was directed by Ingmar Bergman and was released in 1955."
9586d46352803a35f5726af431ea649bdd71efec91590036,9472,Where did Miguel I Of Portugal's mother die?,['Queluz'],"
The correct answer is: Catherine of Austria died in Lisbon, Portugal."
45455a25fccc87732be135d786a3e41c36476ac878aca6a2,11357,"Which film was released more recently, A Gamble With Hearts or Lethal Weapon 2?",['Lethal Weapon 2'],"
The correct answer is Lethal Weapon 2. A Gamble With Hearts is a 1923 silent film, while Lethal Weapon 2 was released in 1992."
d6513ef664a26614629e878672c0ce2d7dd0f40c01592b85,9596,"Which film has the director who died earlier, Santa And The Fairy Snow Queen or Hearts In Bondage?",['Hearts In Bondage'],"
The correct answer is: Santa And The Fairy Snow Queen. The director of Santa And The Fairy Snow Queen, Sidney Davis, died in 1996, while the director of Hearts In Bondage, Ramsey Nouah, is still alive."
df369bbc837532888f001476535df2eb80cdbfaed0c6f294,10771,"Which film has the director who was born later, Je Suis Né D'Une Cigogne or The Legend Of Bagger Vance?","[""Je Suis Né D'Une Cigogne""]", # The correct answer is: Je Suis Né D'Une Cigogne was released earlier than The Legend Of Bagger Vance.
005c463249f9b25799798627fade1ca97e3dede4f8245a23,9189,Who is Bohemond Iv Of Antioch's paternal grandmother?,['Constance of Antioch'],"

The correct answer is: Sybil, the daughter of Guy of Lusignan, is Bohemond IV of Antioch's paternal grandmother."
de12796f0b44192fa49330a70a956b53668b09b95a2e72d1,9359,What is the place of birth of Frankie Bridge's husband?,['Southampton']," Frankie Bridge's husband, Wayne Bridge, was born in Essex Fells, New Jersey."
8086467ebb712146e7215eb1656245f9901dad34f6931fdf,10687,Where was the performer of song Believe It (Meek Mill Song) detained?,['State Correctional Institution – Chester'],The performer of the song Believe It (Meek Mill Song) was detained at St. Louis Lambert International Airport in Missouri.
4072ff277a7ef3ebd671ad0df389adb782f316051dec1edf,8532,Where was the place of death of Yazid Iii's father?,['Damascus'],"

The correct answer is: Yazid Iii's father, al-Walid II, was killed in Damascus, Syria."
e367499fba5b229051bc79021a1ad30bbd066b1f89c277f6,8053,Who is Rose Schlossberg's father?,['Edwin Schlossberg'],"
The correct answer is Edwin Schlossberg."
5ed74e008cbf844474db3cd9bd66a56434e7673185737175,11818,"Who is the father-in-law of Maria Manuela, Princess Of Portugal?",['Charles V'],"
The correct answer is: The father-in-law of Maria Manuela, Princess Of Portugal, is Philip II of Spain."
a90876cb94542570afab3b1ecc9632b46ed73f0c703edb79,12334,What is the place of birth of Joely Collins's father?,['London'],"

The correct answer is: Joely Collins's father is Andrea Bertorelli."
3809f116856e090121b8d2d54cb0416076a8916013f06997,10696,Where did the director of film India Speaks die?,['Pacific']," 
The director of film India Speaks, Jesse Edward Hobson, died on November 5, 1970."
ee5c0b8fe31f40bbf2579439858229041ea769a46d82f49b,8703,Are both directors of films Escape From East Berlin and A Place In The Sun (Film) from the same country?,['yes'],"

The correct answer is: Yes, both directors are from the same country. Robert Siodmak is a German film director."
247aec3a792a00436b8b371eb86bbe6e46bdc5f05029c7e8,10645,Who is Sun Luyu's paternal grandfather?,['Sun Jian'],"
The correct answer is Sun Jian."
a19b5039e3aa94a03697678cc751b306232b2a7aa4c2b3c0,11594,What is the place of birth of Patricia Kennedy Lawford's father?,['Boston'],"

 The correct answer is: Patricia Kennedy Lawford's father was born in Belfast, Ireland."
3028780b1d61923e9791e81da2147de86a3be9e559e3bd73,9675,What is the place of birth of the director of film My Case?,['Porto'], # The correct answer is: The director of film My Case is Luís Miguel Cintra.
8419d7b9bbd7db822732f59dca410050121aa69c36964cf1,11623,"Which film has the director born first, The Favor (1994 Film) or Heaven Knows, Mr. Allison?","['Heaven Knows, Mr. Allison']"," The correct answer is: The Favor (1994 Film) was directed by Donald Petrie, while Heaven Knows, Mr. Allison (1957 Film) was directed by John Huston."
4cd06c998601679deb329a164b76914224ddd81d133d052a,10522,Who is the spouse of the director of film På Solsiden?,['Otto Carlmar'], # The correct answer is: The director of the film På Solsiden is Gustaf Molander. The spouse of Gustaf Molander was Greta Garbo.
c5521b710d470612448ccb7e77d6c161b5f28f159d12af3e,12049,Who is the mother of the founder of Waitrose Duchy Organic?,['Elizabeth II'],"

The correct answer is Camilla, Duchess of Cornwall."
718f63a7f06993d0dc1632cb0114348dceb9897f821c2d55,11192,Are director of film The Girl In The Sneakers and director of film Long Pants both from the same country?,['no'],
5679a28af119c49eef128407fce019942c46a7bfb755b130,10244,Who is the spouse of the director of film Rodney Steps In?,['Ivy Duke'], Guy Newall
e5dd7853e4698d1605ac8993911f1dd498a8229cce0fb842,9280,Where was the director of film The Heart Of The World born?,"['Winnipeg, Manitoba']"," # The director of film The Heart Of The World was born in Dublin, Ireland."
0874617ba73c23542f0abc0a68c4792cf2c535bbec0e11b5,9757,What nationality is Godan Khan's father?,['Mongol Empire'],"

Godan Khan is a Mongolian ruler. His father is Genghis Khan, who is also a Mongolian ruler."
3217ac618975993bd935ed6711f8aeaa1b310d4157667829,8599,"Which film was released more recently, State Rowdy or Spy Kids 2: The Island Of Lost Dreams?",['Spy Kids 2: The Island Of Lost Dreams']," 
The correct answer is: Spy Kids 2: The Island Of Lost Dreams was released more recently. State Rowdy was released in 1989, while Spy Kids 2: The Island Of Lost Dreams was released in 2002."
df9e21637eedca8ff688f26f20ae83e7883c92575a225130,8828,What nationality is the director of film Civil Brand?,['American']," 
The correct answer is: Neema Barnette is a Nigerian-American director."
31cd60e0e4f7769a631584652127f3f626f55edc8d85887a,9519,What nationality is Rajaraja Ii's father?,['Chola dynasty']," Rajaraja Ii's father is Anangabhima Deva III, who is a Kalinga monarch."
cdca45dc9a7a450ca91719626f641a58e92a5ce2e3fbe767,8161,Who is the maternal grandmother of Prince Feodor Alexandrovich Of Russia?,['Maria Feodorovna']," # The correct answer is: Grand Duchess Xenia Alexandrovna of Russia, played by Helen Mirren in the film 'Anastasia: The Last Tsarina', is the maternal grandmother of Prince Feodor Alexandrovich Of Russia."
87932b85c9972f32d1e88477d93d8115a87d42eaf0091ee9,8829,Who is the paternal grandfather of Shahrbanu?,['Shahriyar'],"
The correct answer is Yazdegerd III, the last Sassanid emperor of Persia."
d4b716f9cc9884457dbe3369ee030d8b2c0e39a26036c592,10589,What is the place of birth of the performer of song If You Want To Be My Woman?,['Bakersfield'],
6db754cfbd5b3e680c13bee29dec733d35be7d4fe0f46b36,11592,Where did the composer of song Nocturne (Britten) die?,['Aldeburgh'],"
The composer of song Nocturne (Britten) died in Aldeburgh, Suffolk, England."
1c58a30eb49959465cf6b97dc7e86d22b05436c8813c9499,8887,"Which film has the director died earlier, Frankenstein 90 or Messenger Of Death?",['Messenger Of Death'],"

The correct answer is Frankenstein 90. The director Alain Jessua died in 2017."
947f3484b4e4e37f04811bf3de2685b71145510a3fdbf906,9938,Do Shari Roman and Stately Wayne Manor share the same nationality?,['yes']," 

The correct answer is: Yes, Shari Roman and Stately Wayne Manor are both American."
54afee9afec7cd7053b95b1f9c63f196392fd26653c0824e,9434,Do both Extract (Film) and Thou Wast Mild And Lovely films have the directors from the same country?,['yes']," # Yes, both Extract (Film) and Thou Wast Mild And Lovely are directed by American filmmakers, Mike Judge."
01f2daeaf538f2fe512ea44ea999e66a1b190a1b1d283ddf,11104,What is the cause of death of performer of song Things Done Changed?,['drive-by shooting']," The performer of the song Things Done Changed is The Notorious B.I.G. He was murdered by an unidentified assailant in a drive-by shooting on March 8, 1997."
3605abcc4f4de1deab21d77ea9de019d736e6b9331123370,12233,What is the place of birth of Philip Willkie's father?,"['Elwood, Indiana']","
The correct answer is Elwood, Indiana."
215c97da09f739be0c873d0a2496a5fe5490e0bd2da665e5,11410,Where was the husband of Nagammai born?,['Erode'],"The correct answer is: Nagammai's husband, Periyar E. V. Ramasamy, was born in Dallas, Texas."
c8196f55c719e2e4e3b10439d7b124a90f9f4b3c1cd39db9,10632,Where was the place of death of Maurice De Saxe's father?,['Warsaw'],"
The correct answer is: Maurice De Saxe's father died in Poland."
c5b6ca14b3a40c33643e1d1bccb55a7898e9db8bda5780b8,11119,Where does Emmy Göring's husband work at?,['Gestapo'],"
The correct answer is: Emmy Göring's husband, Hermann Göring, is a German politician and military leader who served as the Reichsmarschall of Germany and the Commander-in-Chief of the Luftwaffe during World War II."
f1b27c9b1e5e3c79b01d560da3336cafba5dd2db5f475845,11563,"Which film has the director died earlier, Ludwig Ii, King Of Bavaria or Meyer From Berlin?",['Meyer From Berlin'],"

The correct answer is: Ludwig Ii, King Of Bavaria died earlier."
081c47a97a4d7be7bdce61ef84d30fc6bb33ca65c913523b,11443,What is the award that the composer of song I'M One earned?,['Kennedy Center Honors']," The composer of the song I'M One, Pete Townshend, has earned several awards throughout his career. He was inducted into the Rock and Roll Hall of Fame as a member of The Who in 1990. In 1991, he won a Tony Award for Best Original Score (music & lyrics) for the musical 'The Who's Tommy'. In 2001, he received a Grammy Lifetime Achievement Award as a member of The Who. In 2008, he received Kennedy Center Honors. In 2016, he"
83c9affafe86b9685bac3a6f08866e566f30993f94ae0f34,12093,Are Big Pal and The Invisible Man Attacks from the same country?,['no'],
4b564dc097e7bbbd647ac1a6e70a11ab76351cc8415a733f,12120,Who is the father of the composer of song I Miss You (Miley Cyrus Song)?,['Billy Ray Cyrus'],"

The correct answer is Ron Cyrus."
9c97734975e213c99c7db7454cbe8f847934f5525772f95b,10043,Where did Brooklyn Sudano's mother die?,['Naples'],"
The correct answer is: Brooklyn Sudano's mother died in Naples, Florida."
690049a1a7cf75590b79f2c8cb48fb2fa62b3d6880c70aa4,9331,Who is the mother of the performer of song Feel Good (Robin Thicke Song)?,['Gloria Loring']," 
The correct answer is Minamoto no Chikako, the daughter of Kitabatake Morochika, was the mother of Emperor Go-Daigo and was the mother of the performer of the song Feel Good (Robin Thicke). However, it is important to note that Robin Thicke is not related to Minamoto no Chikako, as the name is used as a reference in the song title and the performer's stage name."
91e951fe724d2850c40cfc8c0ad4357f5ab5a6068ab7f6e6,9895,Who is the mother-in-law of Hafsa Hatun?,['Gülçiçek Hatun'],"
The correct answer is: Maria Thins, played by actress Hiam Abbass, is the mother-in-law of Hafsa Hatun in the TV series 'The Serpent'."
051d0c0da566fd0fe1d29d5d4916b118c73d76d0ae78a215,8832,Where was the father of Alexei Antonovich Of Brunswick born?,['Bevern'],"
The correct answer is: The father of Alexei Antonovich Of Brunswick was born in Wolfenbüttel."
bf38d1ee9dcb2c26f2a55cde167dae2eeb4047687079a45a,8872,"Where was the place of death of Elizabeth Fitzalan, Duchess Of Norfolk's husband?",['Venice'],"

The correct answer is Beaulieu-sur-Loire, France."
