8c17c1259ed0c31bff3ee48ef8a6c4c54469c7769ffbc1c1,2521,"Who is Hermann Ii, Count Palatine Of Lotharingia's paternal grandfather?",['Hezzelin I']," The correct answer is: Hezzelin I, Count In Zülpichgau."
52150ca076ef6a156239c8fd2cb45983ba9b8cd446312f22,2873,Where was the director of film Requiem For Dominic born?,['Temesvár'],"  The correct answer is: Robert Dornhelm was born in Temesvár, Romania."
61fa50e62866fbeeffc9822aa76f8f363578e72c1a7436af,3618,What is the place of birth of Ibrahim Ibn Muhammad's mother?,['Egypt'],"

The correct answer is: Egypt"
4adca5ba1654b740d1e25c6e73d45aa2f3621537bed9086b,2858,"Which film has the director died earlier, Kadamba (1983 Film) or Mickey'S Tent Show?","[""Mickey'S Tent Show""]", The correct answer is: Kadamba (1983 Film)
3ec0722ff6e0d8361ed2ab093a992915fe5b1ddb10ee39a9,3977,"Who was born first, Damien Hétu or Matan Cohen?",['Damien Hétu'],"

The correct answer is: Damien Hétu was born first."
16a0130f95804e9b0791a89e2d18e46f611c1620891658b8,3470,Do director of film Happy Days (1929 Film) and director of film Hero (1982 Film) share the same nationality?,['no']," The correct answer is: Yes, both directors are British."
6e020fda91702d5ab63283c032fc436f3a6b7fd6c568aba7,2951,"Which film has the director who is older than the other, A Hungarian Fairy Tale or The Hero Of My Dreams? ",['The Hero Of My Dreams'],"
The correct answer is: A Hungarian Fairy Tale. The director of A Hungarian Fairy Tale, Gyula Gazdag, was born in 1947, while the director of The Hero Of My Dreams, Arthur Maria Rabenalt, was born in 1927."
7a0b2aa530cd3c6c74154e334e96c8aae27f68fa12d65bb1,2258,Are both Flying Fifty-Five and Approaching Midnight from the same country?,['no'], Yes. Both Flying Fifty-Five and Approaching Midnight are British films.
14387a7ce67635d6f5c75fd29b6d3344758a8be64311ea6e,3648,What is the place of birth of Anne Elizabeth Rector's husband?,['Jersey City'],"
The correct answer is: Stan Rice was born in Dallas, Texas."
8e33b783534c90d43c07617f4106a5056cb93ba21758b91c,3074,Was Bronisław Dembowski or Carlo Delle Piane born first?,['Bronisław Dembowski'], The correct answer is: Bronisław Dembowski was born first.
d8cde3372e47344e4aed4fca9f307ea80b7172960d153325,3566,"Which film has the director who was born later, Alludugaru or The Laughing Woman?",['Alludugaru'],  The correct answer is: The Laughing Woman.
df74c88567561261707555fa8504bf93678834b5fce5f943,2854,Who is the father of the director of film Kajraare?,['Mahesh Bhatt'], The correct answer is: Pooja Bhatt
5f9a67c086d5912df85495d94281982fd5bc0abe67c3d266,3885,"Which film has the director died earlier, The Coca-Cola Kid or Ayul Kaithi?",['Ayul Kaithi']," The correct answer is: The Coca-Cola Kid. The director of The Coca-Cola Kid, Dušan Makavejev, died on January 25, 2019. The director of Ayul Kaithi, K. Subash, died on November 23, 2016."
fbbe6a3e39955eca34caa6cf37d147f6af697a70eb83a30c,2990,"Who lived longer, Ole Arntzen or Harry Albert Willis?",['Harry Albert Willis'],"  The correct answer is: Ole Arntzen lived longer. Ole Arntzen was born on February 4, 1910, while Harry Albert Willis was born on August 18, 1914."
0e1a7715016522e4285d6db621310d72b3db49464271cf47,3225,"Which film came out earlier, Olavina Udugore or A Pearl In The Forest?",['Olavina Udugore'], The correct answer is: Olavina Udugore came out earlier.
e9a287057b6f318c6cef9d0e2b12256c7b9473f4b783d38d,2424,"Which song was released first, L'Histoire D'Une Fée, C'Est... or I Can Change (Lcd Soundsystem Song)?","[""L'Histoire D'Une Fée, C'Est...""]", The correct answer is: I Can Change (Lcd Soundsystem Song) was released first.
e2f6373f7d78bc79306ca8454e38329e511a920f224a26f4,3279,What is the place of birth of the director of film Sweepstakes (Film)?,"['Oklahoma City, Oklahoma']"," Albert S. Rogell was born in Fayetteville, Arkansas."
d214078fd2eaaa345d77f1f06bbb7765253b476fec74d965,2701,Where was the director of film En Aasai Rasave born?,['Theni']," The correct answer is: Dublin, Ireland."
fa494d162bf954ce5abc26536928ea95cd81a82a832b2eb2,2652,Where did the director of film The Eagle'S Eye study?,['Amherst'], The director of film The Eagle'S Eye studied at Amherst College.
8e74e61b04f497cda285fdb613c9297b39c2f35c78a46bb4,2422,"Who is Stephen, Count Palatine Of Simmern-Zweibrücken's maternal grandmother?",['Elisabeth of Meissen']," == The correct answer is Marie Eleonore of Hesse-Rotenburg, daughter of Landgrave Wilhelm I of Hesse-Rotenburg, is Stephen, Count Palatine Of Simmern-Zweibrücken's maternal grandmother."
126e59f70d78a02c20e400e5b0ad54b85643c1d6bae5ac01,1960,"What is the place of birth of the composer of film Yandé Codou, La Griotte De Senghor?",['Somb']," The correct answer is: The place of birth of the composer of film Yandé Codou, La Griotte De Senghor is not recorded."
0bc3341fffaad3e92d14d64b539df741528ef4e2b76e9632,1529,"Which film has the director who is older than the other, The Man With The Glass Eye or The Pom Pom Girls? ",['The Man With The Glass Eye'],"
The correct answer is: The Man With The Glass Eye. Alfred Vohrer was born on December 29, 1914. Joseph Ruben was born on May 10, 1950."
10bc38f76e4c289c34c3bad79da384763efb03b79c19d98b,2246,"Who is older, Maksim Kedrin or Peggy Pettitt?",['Peggy Pettitt'],"

The correct answer is: Peggy Pettitt is older."
d222c2ad4ec9ae9a46900e5d0cc6653c72760ed24077b7fa,2880,"Which film was released more recently, Free China: The Courage To Believe or The Rebel Set?",['Free China: The Courage To Believe'],  The correct answer is: Free China: The Courage To Believe was released more recently.
7a35cea15d31d9e58aa0be79ce68499e365ba3a55c7456e5,3075,"Are both villages, Little Rock Village and Jamal Beyg, located in the same country?",['no']," 

The correct answer is: Yes. Both villages, Little Rock Village in Arkansas, United States, and Jamal Beyg in Iran, are located in their respective countries."
baf705ab274b5f13bc3bb9d0807a2042a4681a3ef60a6719,3099,"Which film whose director is younger, The Goose Woman or You Can No Longer Remain Silent?",['You Can No Longer Remain Silent']," The correct answer is: The Goose Woman. Clarence Brown, the director of The Goose Woman, was born in 1890, while Miloš Zličić, the director of You Can No Longer Remain Silent, was born in 1937."
69a87bbff8b28f72b9fe9fc39b9c920466f6f939e8289675,2556,Where was the director of film La Grande Meute born?,['Vouhé'], The correct answer is Jean de Limur.
336f4ca1a6c9a0eb88b4620d111a2f99412fafde0ccda30f,1594,Are Edmonton/Twin Island Airpark and Mayerthorpe Airport located in the same country?,['yes'], Yes. Both airports are located in Canada.
36a31748c55843a2c648cdf6950227889b90f9fd10707c64,3775,"Which film has the director who was born later, The Man Is Armed or Wolf Warrior?",['Wolf Warrior'], The correct answer is: Wolf Warrior.
448ddfeb3a427402454dcd05d7b41bd39204415877001ebb,3654,Where did the director of film I Live On Danger die?,['Encino'],"
The correct answer is: Peter Levin died in the United States."
f2ed3f27a7f66e531b09f0eb6e57275ed822f1e5376e3530,3828,"Which film came out earlier, Just Friends or Enkeyo Ketta Kural?",['Enkeyo Ketta Kural'], The correct answer is: Enkeyo Ketta Kural came out earlier.
13544cb436cbe98f1b565d58244f53f8b38eb63b4a5177e4,3193,Who is Domhnall Mac Alasdair's paternal grandfather?,['Domhnall mac Raghnaill'],  The correct answer is: Hashim ibn Abd Manaf.
14d2d8683a1b9eeec9c699b34d541076b43ecdd3eb37b30f,2549,"Who is John Of Luxembourg, Count Of Soissons's maternal grandfather?","['Robert of Bar, Count of Marle and Soissons']","

The correct answer is Jean II of Luxembourg, Count of Ligny and Guise."
5ea1b7cf56629956855b229046acb45cc77f03b262ce7aaa,3722,What is the cause of death of director of film Disgraced!?,['Parkinson'],"

The correct answer is: There is no information provided in the text about the cause of death of the director of the film Disgraced!"
dde2c006bfa530403e8c9bafc6497d0e65aad8cf1b6813ee,3256,Which country the director of film Mrs. Gibbons' Boys (Film) is from?,['French'],"
The correct answer is: France."
8ef697f16406fa0adcfe2782da3091e6a4000ce420f70720,3155,"Who is the mother of Nicholas Crispo, Lord Of Syros?",['Fiorenza Sanudo'],
1f1f8f7d0e3fe9ec70cf846d6d3f8e64167a9d3a571484f9,2553,"Who is the paternal grandfather of Louis Iv, Count Of Chiny?","['Albert, Count of Chiny']","
The correct answer is: Louis I, Count of Chiny"
478b8a4df45d2ca383f2a7b1f446915ade95b4d32be9229f,2670,"What is the date of birth of George Ernest, Count Of Erbach-Wildenstein's father?",['16 December 1597']," 

The correct answer is: George Ernest, Count Of Erbach-Wildenstein's father was born on 23 March 1584."
883b4b8a680112178587dfb9511033c219999312a8e283e8,3303,What nationality is the director of film World And Time Enough?,['United States'], Australian
54a23d6cb838dd2a56c1ef30e4b4ecf742735f659c470879,2666,Where was the director of film The Dangerous Talent born?,['American'],"
The correct answer is: George L. Cox was born in 1878."
89c07ef3f30f2e55bae0db0e61b73f9213bf9cac755d3add,1981,"Which album was released more recently, Full Length Lp or Blow In The Wind?",['Blow In The Wind'],"
The correct answer is: Blow In The Wind was released more recently."
36844ec83d10cb7589958db002ce0acf4524a1bd5f23dc22,3719,Who is the paternal grandfather of Trịnh Doanh?,['Trịnh Bính'], The correct answer is: The paternal grandfather of Trịnh Doanh is 'Abdul-Muṭṭalib.
468e9ec2970d43aaea9e630d607c971e70bfc4488c526d65,2836,Are Breville and Jakab Industries both located in the same country?,['yes'], == The correct answer is: Yes. Both Breville and Jakab Industries are located in Australia.
c37d17a5c509660a9c90556ef5c695867186af73a9ab4390,2422,"Which film was released more recently, Eager Bodies or We Dive At Dawn?",['Eager Bodies'], The correct answer is: Eager Bodies was released more recently.
b18a8d110828baf5ddd8cb6c3f7bc31fa54f8e47523cf13f,3582,Where was the director of film Ashwamedha (Film) born?,['Channapatna'],"
The correct answer is: The director of film Ashwamedha (Film) was born in Switzerland."
e8414789dbe64525d8927dc2ff636d000a1f12af8d03b3a8,2193,"Which film has the director born earlier, Dos Basuras or Day Of The Painter?",['Dos Basuras']," The correct answer is: Dos Basuras. Kurt Land was born in 1913. The film Dos Basuras was released in 1958. The film Day Of The Painter was released in 1960. Therefore, Kurt Land directed Dos Basuras before Day Of The Painter."
4015ec843357a57ba15b7c35c8009145d500a305dbd67416,3229,"Who was born first, Lương Hoàng Nam or Ross Mcmillan?",['Ross Mcmillan'],"

The correct answer is Lương Hoàng Nam."
512800a34732b97170358b8e1372c0f708126ae08372c441,3321,"Which country Eric Longlegs, Lord Of Langeland's father is from?",['Danish'], Denmark
a7fc0716a3d94af7381c25a4e1c0eb2e697631de06c9ebb2,3048,What is the place of birth of the director of film Northville Cemetery Massacre?,"['Toronto, Ontario']","  The correct answer is: The director of film Northville Cemetery Massacre is William Dear. He was born in Fayetteville, Arkansas."
b9995c8b89dd0bc26c2f2b4a77c7604ca4b60339b79a7744,3535,Which country the director of film Secrets Of A Door-To-Door Salesman is from?,['United Kingdom'],"
The correct answer is: Germany."
5e46e20a637625300d8e198a1d11435e9c83592bb527321a,3039,Where did the director of film The Little Door Into The World die?,['London'],"
The director of film The Little Door Into The World, George Dewhurst, died in Tooting, London, England."
4bc4e1176125b7f02876ca7fe1a08ec4d69b220e5a43f36f,2976,Where was the place of death of the director of film The Divine Nymph?,['Rome'],"
The correct answer is Rome."
6ed335d2f7555854fe36dce42f97d56693aba9a53fe82406,2916,"Which film was released earlier, Battle For Brooklyn or Crime In The Streets?",['Crime In The Streets']," Answer: Crime In The Streets was released earlier. Battle For Brooklyn was released in 2011, while Crime In The Streets was released in 1956."
10f214e9e44886b887a7fe742c949ab4d18d851df9ee68d2,3614,Where did Agnes Of Meissen's mother die?,['Frankfurt'],"
The correct answer is: Agnes Of Meissen's mother died in Quedlinburg."
08329413599479c4da9c37f070361d36e0a440aa56deda69,3787,Which award the director of film Mithunam (2012 Film) received?,['Nandi Awards'],The correct answer is: The director of film Mithunam (2012 Film) received the Nandi Award for Third Best Feature Film (Bronze) and Special Jury Award.
4a4a07a6b382ffd4b59514dc2c3f2263cd97e0a17ef08897,3248,Did Kenneth Duberstein and Lee Mcgeorge Durrell share the same nationality?,['yes']," 

The correct answer is: Yes, Kenneth Duberstein and Lee McGeorge Durrell are both American."
4eb5e12b259e10e05b72f9afe6c05e40bf42a1911896e417,3253,"Are both museums, Halifax Historical Museum and William P. Didusch Center For Urologic History, located in the same country?",['yes'],  The correct answer is: Yes. Both museums are located in the United States.
d0719e52ba728ca7ce774af5f3800a9096561ed96e75594e,2049,Are Kakwa River and Bighead River located in the same country?,['yes'],"

The correct answer is: Yes. Both Kakwa River and Bighead River are located in Canada."
853a76d5cce07034f8d10c1f94bd8beb70f4e34f4a5638ee,2816,"When is Henry Ii, Margrave Of The Nordmark's father's birthday?",['1070'],"
The correct answer is: Henry Ii, Margrave Of The Nordmark's father was born around 1065."
41787a3d84bc8bec3d0d10839881ec35adfb4142d49b5482,1252,When is the director of film Les Tuche 2 's birthday?,['5 January 1964'],  The correct answer is: Olivier Baroux was born on 1964-01-05.
37eb33998e8bd7ffe40969ac3161ad695983fcf651dac639,2859,Do Thomas Wykes (Chronicler) and Robert Simpson (Meteorologist) have the same nationality?,['no']," The correct answer is: Yes, both Thomas Wykes (Chronicler) and Robert Simpson (Meteorologist) are from Scotland."
4eeccc001e35bae71774c67f0e0041ba5da92bfed98ae62f,1507,"Who is younger, Vrindavan Lal Verma or Kerem İnan?",['Kerem İnan'],"
The correct answer is: Vrindavan Lal Verma is older."
444af702474de881b7b810a1aa62ff8de378e213c31300fe,3218,When was John Scott (Died 1533)'s father born?,['1459'],"
The correct answer is: John Scott (Died 1533)'s father was born in 1484."
72b0975d7878f72d5b0142cf8e1551a8b8f124eaaa99a715,2980,"Which film has the director who was born first, Our Crazy Aunts or Dearest (2014 Film)?",['Our Crazy Aunts'],  The correct answer is: Our Crazy Aunts (1961)
e04fb667c00a2c99ad1a1a102b81865d021708de9a64e58e,3823,What nationality is the director of film The Tower Of Lies?,['Swedish'],The correct answer is Swedish.
d7159102f8034cb0ad4834df59b0734f052a63c3a1d0f0bb,3621,"Which film has the director who was born first, Who'S Your Brother? or The Last Outpost (1951 Film)?","[""Who'S Your Brother?""]", The correct answer is Who'S Your Brother? (1929 Film).
51abb90e2dff9602a1fc42256819bf66b0c6b4746a872307,2957,Where was the place of death of Halldóra Eldjárn's husband?,"['Cleveland, Ohio']"," The correct answer is: The place of death of Halldóra Eldjárn's husband was in Cleveland, Ohio."
be2f02ca083a2f21854d8f24984ac450cf11215000ec1910,987,What is the date of death of Parimala Nagappa's husband?,['8 December 2002'],"
The correct answer is: The date of death of Parimala Nagappa's husband is between 1924 and 1930. However, the exact date is unknown."
c67a466a8e3d23bf26e8943352ef9239007495c8bd6febec,3515,Was Shahanuddin Choudhury or Domenico Distilo born first?,['Shahanuddin Choudhury']," 
The correct answer is: Shahanuddin Choudhury was born first."
eb67e4946d8c54784c30aa61dc756d82e2ed9030765f3ca5,1894,"What is the date of death of William Jolliffe, 4Th Baron Hylton's father?",['26 May 1945'],"
The correct answer is: 1876."
b6fdd8f9d56c029b83580e36d6b3642dbb387a9d60da03df,1765,Who is the father of the director of film Sources Of Life?,['Klaus Roehler'], The correct answer is Oskar Roehler.
8e5c5292e42825f60d52f62ffc53006513725eb27a831c48,2436,Are both The Bloom Of Yesterday and Fireworks (1954 Film) from the same country?,['yes']," 

The correct answer is: Yes. Both The Bloom Of Yesterday and Fireworks (1954 Film) are from Germany."
180297f3e27b4439fddc8a088a52f37a1bae1605d57602f2,3513,"Which film whose director is younger, Mr. Fix-It or People Not As Bad As They Seem?",['People Not As Bad As They Seem']," The correct answer is: Mr. Fix-It is a 2006 American romantic comedy film starring David Boreanaz, while People Not As Bad As They Seem is a 1977 Finnish historical film directed by Rauni Mollberg. Therefore, Mr. Fix-It is a more recent film."
214b402d003800d93cac0719cd79368392a320201cef08c9,3223,What is the place of birth of the director of film Sweet Substitute (Film)?,"['Johannesburg, South Africa']", The correct answer is: The director of film Sweet Substitute was born in Canada.
0d5f36c56955cf6fd4509bacb40473a5f5a3e01e8638e0a9,1717,"Which film came out earlier, Where Are You? I'M Here or Patnam Vachina Pativrathalu?",['Patnam Vachina Pativrathalu']," The correct answer is Patnam Vachina Pativrathalu. Patnam Vachina Pativrathalu was released in 1969, while Where Are You? I'M Here was released in 1975."
67153c83335bef7039781a9416b3497c9dcf884dcd7bda0b,2571,"Which film has the director born first, Stella'S Oorlog or Don Juan In A Girls' School?","[""Don Juan In A Girls' School""]", The correct answer is: Stella'S Oorlog.
40877325ac5773a0259a6e7a86ab477a4654a4cf8f94c149,2826,"What is the date of birth of Magnus I, Duke Of Mecklenburg's mother?",['1317']," The correct answer is: Catherine of Sweden, Magnus I, Duke Of Mecklenburg's mother, was born c. 1338."
62b8538f15d1af02f2e87a24e7ee549034906c5a870cac97,3934,Are both directors of films It'S Never Too Late (1956 Film) and The Slaughter Rule from the same country?,['yes']," Yes, both directors are from the United Kingdom."
0df95375e082998e11c14660675ca1d4d28cbf40c094fa47,3854,"Which film has the director died first, Mcguire Of The Mounted or The Man Unconquerable?",['Mcguire Of The Mounted'],"  The correct answer is: The Man Unconquerable. The director of Mcguire Of The Mounted, D. Ross Lederman, died in 1981, while the director of The Man Unconquerable, Joseph Henabery, died in 1922."
edb60ceb434cc994df4b00ae08a49efb2f66a2ba0df1adf0,1889,"Who is Charles James Irwin Grant, 6Th Baron De Longueuil's paternal grandfather?",['Captain David Alexander Grant'],"
  The correct answer is: Marie-Charles-Joseph Le Moyne, Baronne de Longueuil."
9a74e9b9111e3d13efa2b9b43c522354f7d5f3dae6ca5e96,2753,"Which film has the director who is older than the other, Women'S Weapons or She Wants Me? ","[""Women'S Weapons""]","

The correct answer is: Women'S Weapons. 

Women'S Weapons was directed by Robert G. Vignola, who was born in 1882. She Wants Me was directed by Rob Margolies, who was born in 1983. Therefore, Robert G. Vignola is older than Rob Margolies."
6967a9e68d49dd2ad975640d7f7f3d658d75a1c46b68c602,2359,"Which film has the director who died earlier, Tangled Destinies or The Daltons' Women?",['Tangled Destinies'], The correct answer is Tangled Destinies.
6ee099c71de8536b8f73518c6ba8d3c96366caa4869aa429,3272,"Which film has the director who died first, The Flesh Is Weak or One Does Not Play With Love?",['One Does Not Play With Love']," The correct answer is: The Flesh Is Weak. The Flesh Is Weak was released in 1957 and the director, Don Chaffey, died in 1990. One Does Not Play With Love was released in 1932 and the director, Donald Chaffey, died in 1990. However, the films were directed by different people. The Flesh Is Weak was directed by Robert Brandt and Don Chaffey produced it. One Does Not Play With Love was directed by Jack Conway."
1acac2b501c918db8649deb5d075095b32a6c6eab6541f69,2905,"Who was born first, Selahattin Seyhun or Nil Tun Maung?",['Nil Tun Maung'], The correct answer is: Nil Tun Maung was born first.
ec96dad9bf806f1c5597178f476df39ad6603170efabe914,2974,"Which film has the director born earlier, Everyone Else or The Girl From The Chartreuse?",['The Girl From The Chartreuse'], The correct answer is: Everyone Else.
0292c4357991b8aba2eb4fc1f5cc48af3ce3724b33287e34,2561,"Which film whose director is younger, College Lovers or The Dixie Flyer?",['College Lovers'], The correct answer is: The Dixie Flyer.
6d8a1896713b9716c02241ade5e30c401dea7f0dde5294b8,1495,Are Yadboro River and Pigna Barney River both located in the same country?,['yes'], Yes.
801ba86d35c6efeed83facf9986520e8a6f12e000c1b963a,3567,What is the place of birth of the director of film Martian Child?,['Eindhoven']," The correct answer is: Dublin, Ireland."
16b98a59e06d1c72b4da73f79e5c99f936e8c2fdbee29a0b,3543,"Which film has the director who was born later, A Cafe In Cairo or War Drums?",['War Drums'], The correct answer is: War Drums.
f479830ec67206a7edd48ae2ac6f8fc1f639da89caf1a0d2,1405,"Who was born earlier, Helen Clifton or Steve Barancik?",['Helen Clifton'], The correct answer is: Helen Clifton was born earlier.
ef3661117fc4fcb6bdf3ca0d2fff3c750290a808b18e9403,3821,Where did the director of film Cloudy Sunday study?,['London Film School'],"
The correct answer is: The director of film Cloudy Sunday studied at the London Film School."
313350f4cf6f6589899303d892f49d9f83a79df302126841,3994,"Which film was released more recently, Hotel Reserve or Return To The Hiding Place?",['Return To The Hiding Place'], The correct answer is: Return To The Hiding Place was released more recently.
ad729152e6da9d8dded0f7a24f7a99722af9d02e38d8446d,2085,"When did Leka, Crown Prince Of Albania (Born 1982)'s mother die?",['17 July 2004'],"
The correct answer is: 18 July 2004."
e9ee8d6374657050f223db31eca26a8d512940a7940fba4e,3571,Who is Carlo I Cybo-Malaspina's maternal grandfather?,"[""Francesco d'Este""]","
  The correct answer is: The maternal grandfather of Carlo I Cybo-Malaspina is Amr ibn Abd Wud."
07263575ae94e0561ab9d85e1227eadf18812836bc4f1dd8,2804,"Which film was released first, The Pirate'S Dream or Prem Mhanje Prem Mhanje Prem Asta?","[""The Pirate'S Dream""]", The correct answer is: The Pirate'S Dream was released first.
e1439b2d77ce90280f85c9b3aaca79d8880aa1f7d97545ea,2903,"Who lived longer, Fredy Schmidtke or Chou Meng-Tieh?",['Chou Meng-Tieh'],"
The correct answer is: Chou Meng-Tieh lived longer. Chou Meng-Tieh was born in 1906, while Fredy Schmidtke was born in 1961."
4757e04814693a1a0ddc4c330f892f678a9c74bb49599efb,2764,What is the place of birth of the composer of song Ma Che Freddo Fa?,['Santa Maria a Vico'], The correct answer is: The place of birth of the composer of song Ma Che Freddo Fa is not recorded.
4feab58950d63f3cc9a90c985f3d8be23e9dc97d53f03989,3303,"Which film was released earlier, Komaligal or Times Of Joy And Sorrow?",['Times Of Joy And Sorrow'], The correct answer is: Komaligal was released earlier.
3cd55b0826fed3ba2514f1f3477412ceb1d54c958b74d2a1,3817,Where was the place of death of Salin Mibaya's husband?,['Pyay'],"

The correct answer is: The place of death of Salin Mibaya's husband was in Pegu."
f920e9270cd0ef6a7db5e9f31c830c591a4e6443084ad25d,3191,What is the award that the composer of film Shivaay got?,['Filmfare Award'], The composer of film Shivaay won the 64th National Film Award for Best Special Effects.
04a89b092e375c921d967a3cb6cb77c6caf28ff1ec3a0dbf,6899,"Which film has the director who was born earlier, Born Into Brothels or Dr. Goldfoot And The Bikini Machine?",['Dr. Goldfoot And The Bikini Machine'], The correct answer is Born Into Brothels.
d1cd11866ff12ea793c26c2d19db1259fcaa9cc2c7ebc1dc,6662,What is the date of death of the director of film The Man Without A Country (1917 Film)?,['9 September 1923'],"
The correct answer is: The director of the film The Man Without A Country (1917 Film) is Ernest C. Warde. He died on October 7, 2011."
8af6d8a5fbee80d8de94359d33a5894a0c5169c9a33c7509,7168,Who is the mother-in-law of Queen Insun?,['Queen Munjeong'],"
The correct answer is Maria Thins, played by Jang Hee-jin in the 2016 JTBC TV series Mirror of the Witch."
9b357d3b583cd0dd72575f76173c48b9f8704ce7af37cac3,6147,What is the place of birth of Princess Amalia Of Saxe-Weimar-Eisenach's husband?,['Soestdijk Palace'],"
The correct answer is: Frankfurt an der Oder."
1e7b44a5002efba074f208c9778567477cc4d4a1ac53d7ef,4797,"Which country Albertine, Baroness Staël Von Holstein's father is from?",['Sweden'],"
The correct answer is Denmark."
238c9791d4b5657f901615f165c478530891a2986fe93d05,4267,"Who was born later, Faiz Muhammad or Guillermo Capetillo?",['Guillermo Capetillo'], The correct answer is: Guillermo Capetillo was born later.
ef06eb197dec40c7fd672fcd6a3c2780917ec8c686049956,4132,Are the directors of both films When Lovers Part and Ladies In Distress from the same country?,['no']," Yes, both directors, Travis Mathews, are American."
8a758fe292d901d43c7729a09392968963811f61842518f3,6907,What nationality is the performer of song Mimi (Song)?,['French'], The correct answer is: The performer of song Mimi is French.
6c9e7d34cc840d3ef62aba7cf1fddf9501e0e238a3e56c80,4774,"Who lived longer, Werner Mensching or Karel Zich?",['Werner Mensching']," Werner Mensching lived from 1933 to 1997 and Karel Zich lived from 1833 to 1914. Therefore, Karel Zich lived longer than Werner Mensching."
b058a6541fba988d17aa0172344f2b537993008bedd729d5,4098,"Which film was released earlier, Nous, Princesses De Clèves or It'S A King?","[""It'S A King""]"," Nous, Princesses De Clèves was released earlier, in 1961."
44fb06a1df8d376125f751d0bdee7696585e5c0d1a4e9f02,4629,What is the date of birth of Alfonso Fadrique's father?,['13 December 1272'],"
  The correct answer is: Alfonso Fadrique's father was born in 1285."
0c7274b5100ebeee9e7c1437949590cf5722c3f00b454f92,4176,Do both films A Trial In Prague and Three Strangers have the directors that share the same nationality?,['yes']," The correct answer is: Yes. Both films were directed by Jean Negulesco, who is Romanian."
1f69042b1b5c54db57567137b3cc824c3cf27504897bd17d,4003,"Who was born later, Kiplangat Sang or Stein Erik Hagen?",['Kiplangat Sang'], The correct answer is: Stein Erik Hagen was born later.
f5baef0cdea8281ca147cfad48a104a418e04e3a8667cde5,5240,What is the place of birth of the director of film Confusion Na Wa?,['Barkin Ladi']," Jos, Nigeria"
3be59c383b827f15b3aeae8e3be3403f89c8635f0acf9330,4396,Where was the wife of Alfred L. Copley born?,['Seyðisfjörður'],"The correct answer is: Clara McMillen was born in Bloomington, Indiana."
d9a612aad6d6d6f504633151e88dd819e36ed39303c0658b,5575,"Which film was released earlier, Pal Pal Dil Ke Paas or Another Earth?",['Another Earth'], The correct answer is: Pal Pal Dil Ke Paas was released earlier.
60163d86d206aaa179b61a2d43b27a7ec909b724b5685b50,4327,Which country Jakobea Of Baden's mother is from?,['German'],"
The correct answer is France."
0a115dd145605a6f2b0eeb01830ff1b3c2a38f81e6734097,5734,Who is the child of the performer of song La Voix (Song)?,['Greta Thunberg'], The child of the performer of song La Voix is Greta Thunberg.
9354c44bd9db99cfb2b8f803def7504f1a8bf16e182b5514,4864,Where was the father of Francesco I Acciaioli born?,['Florence'],"
The correct answer is: The father of Francesco I Acciaioli was born in Florence."
8e55a3cb4c213a132ff3bfef7a6df6290427488e9b732883,5822,Where does the director of film Scarecrow (1984 Film) work at?,['High Courses for Scriptwriters and Film Directors'], Rolan Bykov works at Mosfilm.
38387b0175b1713c6f7cc99561f16413ccb360fdcb00e814,6308,Where did Elisabeth Zu Fürstenberg's husband die?,['Stockach'],"
The correct answer is: Elisabeth Zu Fürstenberg's husband died at the Battle of Stockach in 1799."
a761220766aeb2fafc85b9753e54c449fb1464f03a4b51df,5616,What is the place of birth of the performer of song El Beso (Song)?,['Málaga'],"
The performer of the song El Beso is Pablo Alborán. He was born in London, England."
7a0ae184978fbdd3e5e38ac179861b1951878baaac395592,4287,What is the place of birth of the director of film Special When Lit?,"['Sydney, Australia']"," 

The correct answer is: Olav Aaraas was born in Fredrikstad, Norway."
4ad3d43b4e53817be115414af1638d04328f437bb748ebf1,6815,Who is the uncle of John Of Brienne?,['André of Brienne'],"
The correct answer is: Erard II Of Brienne"
569f8b123108053ea946f9efffbe0406abcfd288b5b13bf2,4759,"Which film has the director who died earlier, Deuces Wild or Cavalcade Of The West?",['Cavalcade Of The West'],"  The correct answer is: Cavalcade Of The West. Harry L. Fraser, the director of Cavalcade Of The West, died in 1974. The director of Deuces Wild, Scott Kalvert, is still alive."
47659268bc430f7e640db930b97fed4d0670cce46cdb83f8,4961,"Which film has the director died later, The Rebellion Of The Brides or Arizona Gang Busters?",['The Rebellion Of The Brides'],"

The correct answer is: The Rebellion Of The Brides. The director, Jean Rollin, died on October 26, 2016."
ffb74b527f19f9e8c0fdc8a392174309f50696c95cbd7c97,4993,"What nationality is Henry Clifford, 2Nd Earl Of Cumberland's wife?",['England'], Lady Eleanor Brandon is of English nationality.
59d531329c51fbdcdfc3e9af4565136b072a2af1d3b68ea2,7056,Are director of film Tactical Force and director of film Jumanji from the same country?,['yes'],"

The correct answer is: Yes, both directors, Jason Moore and Joe Johnston, are American."
3498041a8960ebd62cd1567bd884cd559d65792fc3014299,5794,Where was the place of death of Thaddeus P. Mott's father?,['New York']," The correct answer is: Beaulieu-sur-Loire, France."
d64ce42f72497e502a412d395566e55a3793d05b35004cb4,6417,"Who was born later, Paul De Scherff or Lyudmyla Olyanovska?",['Lyudmyla Olyanovska'], The correct answer is: Lyudmyla Olyanovska was born later.
fe284936ae55063527821e9ee610ae67958789167aa4ba1a,5421,Do both films: A Slave Of Vanity and Grace Of My Heart have the directors from the same country?,['yes'],"

The correct answer is: Yes, both films have American directors."
d524ca109e5ac6284dec16931f2403ef7859225cfde19e9e,5848,Where was the father of Bonne Of Bourbon born?,['Poitiers'], The correct answer is: The father of Bonne Of Bourbon was born in Moulins.
339cb93913d08713e8202ffe6e4043f35e844ac9b7de591d,5606,"Which film came out first, Su-Ki-Da or Tales From The Golden Age?",['Su-Ki-Da'], The correct answer is: Su-Ki-Da came out first.
d8a4ba25a31cde41c5ce4581f3c4cbd827cc6fc61b31ffe1,5645,"Which film has the director who was born later, Dead Man'S Letters or The Dance Of Death (1967 Film)?","[""Dead Man'S Letters""]"," The correct answer is: Dead Man'S Letters. The director of Dead Man'S Letters, Konstantin Lopushansky, was born in 1947, while the director of The Dance Of Death (1967 Film), Michael Verhoeven, was born in 1932."
2820f5f6db2a73a11f6269437ced07bf92dd3636cfda02ee,5850,Who is the father of the performer of song Everybody Needs A Best Friend?,['Ravi Shankar'],"
The correct answer is Seth MacFarlane."
3ecc9e2e427f95b0af2c256b0a538ba534a4e28adc21ac29,5939,Where did Elizabeth Brooke (1503–1560)'s husband study at?,"[""St John's College""]"," Elizabeth Brooke's husband, Edward Warner, studied at the Tower of London."
feac1266126ef65a017535d551c19f741c29144a057bac71,4497,"Which film has the director born first, Viva Knievel! or Maria Marten, Or The Murder In The Red Barn?","['Maria Marten, Or The Murder In The Red Barn']"," The correct answer is: Maria Marten, Or The Murder In The Red Barn was released first."
079131850286083a72ba811e3124c3c266f7a7aba5b7f5b6,7360,Who is the father-in-law of Chiang Fang-Liang?,['Chiang Kai-shek'],"
The correct answer is: Viscount Ogawa Mataji"
da6e2f15aa7f645e3bb8393116a36ea20d8039448fdbf241,4185,"What is the date of death of Andrew, Duke Of Slavonia's father?",['6 August 1272']," The correct answer is: Béla IV, Duke of Slavonia's father died on 3 May 1270."
ca06c3f82b647eb99a1c7b5d69047e9b373e600144bb80ee,4264,"Who is Charles Gordon, 2Nd Earl Of Aboyne's paternal grandmother?",['Lady Anne Campbell'],"

The correct answer is: Thuya, the Egyptian noblewoman, is Charles Gordon, 2Nd Earl Of Aboyne's paternal grandmother."
774f30cf8adfb5c720dddb850cc3c22709487d594d042e54,5491,"Which film came out earlier, Hell And Mr. Fudge or Yes Or No??",['Yes Or No?'],  The correct answer is: Hell And Mr. Fudge came out earlier.
3ff90e4a03bbab1ee558b8f8c49f99ede2a353921d9a63ad,4141,Do director of film Father'S Day (1996 Film) and director of film The Pursuit Of Happiness (1971 Film) have the same nationality?,['yes']," The correct answer is: Yes, both directors, Sherry Hormann and Ian Barry, are German."
f47a70ebc3471bb3fc81f93c8c812af1fb71048a720c3a47,6000,"Which country John Ii, Duke Of Lorraine's father is from?",['French'],"
The correct answer is: John II, Duke of Lorraine's father is from the House of Anjou."
8c2e68d24afdb2a83a0299059a0ca6b5df4e4490e262bbe6,5078,"Are both movies, Don'T Bet On Blondes and The Empress And I, from the same country?",['no'],"

The correct answer is: Yes, both movies are from Japan."
1359ea4b835842cf7d0192cfa52c4f8af5656b00f230f69b,4155,"Which film has the director who died earlier, Lassie Come Home or Prairie Thunder?",['Prairie Thunder'], The correct answer is: Lassie Come Home.
dbf1e1aaf4bb930e3520de800091020e5b391556904e0ed9,4171,"Which film has the director who died earlier, Everything'S Ducky or Karthika (Film)?","[""Everything'S Ducky""]"," The correct answer is Karthika (Film). M. Krishnan Nair, the director of Karthika, died on 10 May 2001."
2eda134b5c6564d2f1f8f3b135e65c9d42cdd63bc6fb7741,5191,"Who was born first, Jörn Lenz or Alejandro Romualdo?",['Alejandro Romualdo'], == The correct answer is: Jörn Lenz was born first.
8d5000c1cbd7582bdf96735f824c713974eb9c63797a2e48,5540,"Which film has the director who was born first, Throw Momma From The Train or Dona Mariquita Of My Heart?",['Dona Mariquita Of My Heart'], The correct answer is: Dona Mariquita Of My Heart.
98a876b06f01c95087197cb532bb41013ac07c5598003e3a,4356,"Who is the paternal grandfather of Amadeus Viii, Duke Of Savoy?","['Amadeus VI, Count of Savoy']","
The correct answer is: The paternal grandfather of Amadeus Viii, Duke Of Savoy, is John Mackay, a Scottish Gaelic poet and composer."
f0e14b404e9ff2b697b784fd8395d8eeecd279eaff02df1a,7317,Who is the mother-in-law of Maria Caroline Gibert De Lametz?,"[""Louise d'Aumont""]","
The correct answer is Maria Caroline Gibert De Lametz is the mother-in-law of Princess Caroline of Monaco."
73a910a9f551d4d274e6f329d3f8a5049561120fae602224,4374,Where did the director of film Crd (Film) study?,['UCLA']," 
The correct answer is: The director of film Crd (Film) studied at UCLA (University of California, Los Angeles) and FTII (Film and Television Institute of India)."
fabab5b0e03630edd99d2b2ea223ff953d0d8de032a11bb1,4038,"What is the date of death of George Feilding, 1St Earl Of Desmond's father?",['8 April 1643'],"
The correct answer is 1487."
004f56357e6d3851026b1a760360d2edc0e23d1d997bfea8,4399,Where was the director of film The Messenger (2009 Film) born?,['Israeli'],"  The correct answer is: Oren Moverman was born on July 4, 1966."
79e5312122eb8a7811f0ac120e76d2ff7576287cab7c6a63,5159,Where was the place of death of Amaury De Montfort (Died 1241)'s father?,['Toulouse'],"
The correct answer is: The father of Amaury De Montfort (Died 1241) died at the siege of Varilhes in the Albigensian Crusade."
2fb979b11527f947e3c2b78425d5b9b5b7747941098e344f,5174,Where was the father of R. Whidden Ganong born?,"['St. Stephen, New Brunswick']","
The correct answer is: Boston, Massachusetts."
9df763aa74342832d7a49aef6c3164f15a550c09968d1378,4234,"Which film was released more recently, Morchha or The Thing About My Folks?",['The Thing About My Folks']," The correct answer is: The Thing About My Folks was released more recently. Morchha was released in 1980, while The Thing About My Folks was released in 2005."
154a6622a73d4e3db1f02476113b94d8c527b7d0ac01ed9a,4881,Who is Rameshwari Nehru's father-in-law?,['Nandlal Nehru'],"
The correct answer is: Ludwig von Westphalen"
2924e8ee211188de180c4a1e39f85554615b2090e139eb63,7025,"Which film has the director who is older, See Naples And Die or Season Of Strangers?",['See Naples And Die']," The correct answer is: See Naples And Die. The director of See Naples And Die is Riccardo Freda, who was born in 1909. The director of Season Of Strangers is Jack Clayton, who was born in 1921."
85f3200158511b95a7eb4ed5bf9c4698247662ff8a40943c,4083,Who is the paternal grandmother of Archduchess Dolores Of Austria?,['Princess Maria Immaculata of Bourbon-Two Sicilies'],
0b8977d31c66e37a03d592bb1a798d21c257493fc55cda10,6245,What is the place of birth of Mi Saw U's father?,['Bagan'],"
The correct answer is: Mi Saw U's father was born in Pagan, Myanmar."
74f0f31fc1a89028c0fffa4052d8acb2c92729e0122c67b2,5306,Where did Francis W. Rockwell's father study?,['Yale'], Francis W. Rockwell's father studied law.
9e9c4bdf1d27af305babdee3de3e6800a8a29e1956a1d30a,5248,"Are the movies Amy (2015 Film) and Manhattan Angel, from the same country?",['no']," Yes, both Amy (2015 Film) and Manhattan Angel are British documentaries."
78877dc3800b31f7831cf2f941219ee29493e35b53b059a1,4421,What nationality is the director of film The Shark (1920 Film)?,['Canadian'],"
The correct answer is American."
580cf59074e3c57611569b2ea0f0916626954abb02804e6b,7053,Where was the place of death of Helena (Empress)'s husband?,['Eboracum'],"
The place of death of Helena (Empress)'s husband was Beaulieu-sur-Loire."
977a06fd17dadfff5c389d40fdd5a91ffcc56a45dd53fa35,5307,"Which film has the director who was born later, Borsalino & Co. or Köpekler Adası?",['Köpekler Adası'], The correct answer is: Borsalino & Co.
8d85a890f8b65203743e4e9411416d216e2bdf65f626cf23,4733,What nationality is the director of film Muvva Gopaludu?,['Indian'], Kodi Ramakrishna is an Indian film director.
6a1b88bdf6b4452fbdbbc79f52f47b1ef42fa1c058e9d236,4110,Where did the director of film Temptation (1959 Film) die?,['Nice'],"
The correct answer is: The director of film Temptation (1959 Film) died in Nice, France."
787a7fa58b79c188686922efbf6bbf13f30e63e699f0d96b,5611,"Which film has the director who was born first, Hanuman Patal Vijay or Young And Dangerous: The Prequel?",['Hanuman Patal Vijay'], The correct answer is Hanuman Patal Vijay.
ec4d2bc458764f6bb22a554fcff40c78d1ea54c9b941b9cd,4707,Who is Coirpre Mac Fogartaig's paternal grandfather?,['Niall mac Cernaig Sotal'],"

The correct answer is: Fujiwara no Nagara, the son of Fujiwara no Fuyutsugu, is Coirpre Mac Fogartaig's paternal grandfather."
daaf2e7324a8339d157f22a8060117f70cc05a0e87ff37d1,5428,"Where did Elisabeth Of Hesse, Electress Palatine's mother die?",['Kassel'],"
The correct answer is: Elisabeth Of Hesse, Electress Palatine's mother died in Ludwigslust, Grand Duchy of Mecklenburg-Schwerin."
22795cc836665fae4d6dbd8d676b0cd6be16fb7f5068c985,4643,"Who was born first, Brodie Croft or Saad Abdulrahman?",['Saad Abdulrahman'],"
The correct answer is: Brodie Croft was born first."
79b55eec86dd6e66a393dd4d6e510b7e696784781a6b6909,4678,"Where did Joanna, Duchess Of Durazzo's mother die?",['Neapolitan'],"
The correct answer is: Marie Joséne de Blois, Duchess of Anjou, died in Bari, Italy."
5d40d1a2db550f9a3d7c047b911ae92b38fe7af8a69eda84,7724,Where was the performer of song Get A Life – Get Alive born?,['Vöcklabruck'],"
The performer of song Get A Life – Get Alive was born in West Berlin, West Germany."
e073fe98e7399449d3472ff2c32bb8dedfc57fb49c773ee3,5382,"Which film has the director born earlier, Pieces Of A Woman or Oriental Nights?",['Oriental Nights']," The correct answer is: Oriental Nights was directed by Heinz Paul, who was born earlier than Kornél Mundruczó, who directed Pieces Of A Woman."
7d16ac30561f6c27fcc89c64935d0f3a9367123cb90045fe,4846,"Who is the paternal grandfather of Thomas Beaufort, Count Of Perche?",['John of Gaunt']," The correct answer is: Rotrou I, Viscount of Châteaudun."
4b75cc29103067312be5cecb01b75f9a573d51a384f3fc99,6785,Where did Martha Bulloch Roosevelt's husband die?,['New York']," Martha Bulloch Roosevelt's husband died in Savannah, Georgia."
b8737cbf764dc336463c1c85ad212b604a8825fd1feadd69,4645,Who is the maternal grandfather of Prince Christian Of Hesse?,['Frederick V of Denmark'],"
The correct answer is: King Christian X of Denmark."
37619a016827bb34e18a62cfd04973927ef28a5751b50861,6532,"Are the bands Knuckle Puck and Aqua (Band), from the same country?",['no']," Yes, both Knuckle Puck and Aqua (Band) are from the United States."
37c2f3d34ab7cc04a5985712fe35b9ec24dd218fa4985772,6308,"Who was born earlier, Marco Bortolami or Yan Yan Chan?",['Yan Yan Chan'], Marco Bortolami was born earlier.
7eec2170fed75c198bfa60ddf8505a51e8b00b888ea01a52,5692,What nationality is the composer of song Inescapable (Song)?,['American'],"
The composer of the song Inescapable is Michelangelo Faggioli. He is an Italian composer."
533d60d939fb6bc22e89e75a45aec3eb7e198d8b3aef0c6d,5160,"Which film has the director who died earlier, You'Re Missing The Point or La Figliastra?","[""You'Re Missing The Point""]"," The correct answer is: La Figliastra. The director of You'Re Missing The Point, Juan Bustillo Oro, is still alive."
a69b19d14a6387991f7dc3ec2981a854b9ab1ba23876d1a2,5351,Who is Konrad Iii The Old's paternal grandfather?,['Konrad I of Oleśnica'],"
The correct answer is: The paternal grandfather of Konrad III the Old is Casimir I, Duke of Cieszyn."
8c701e4113f34446d9d2f2a8f10426690f405aaa82aa04b5,5750,"Which film has the director who was born later, Maneater Of Hydra or The Fighting Seabees?",['Maneater Of Hydra'], The correct answer is Maneater Of Hydra.
5d2435c261cf4ec0635d68b92006f7926e6739eea53c202b,4254,Who is the paternal grandfather of Nia Segamain?,['Fer Corb'],
df26a4d86dc9b42db852cc02c6231f14bf681303430b1364,5628,Where does Philip Goodhart's father work at?,['Oxford'], Philip Goodhart's father is a British Conservative politician and sculptor.
dac493ba4f0384ffeca47421d2111feceecf2750e56e73f9,6118,"Who was born later, Jean Daninos or Lincoln Kilpatrick Jr.?",['Lincoln Kilpatrick Jr.'], The correct answer is: Jean Daninos was born earlier.
7022cbda00a72169cc470d7879da58fc0673ff175aa1f19f,7764,Which country Chu Lingyuan's husband is from?,['China'],"

The correct answer is China."
0f356f26b81fba8d85f6f24e82f2d11dfdd8ee32bc7025bd,6197,Which country Eugenia Livanos's husband is from?,['Greek'],"
The correct answer is: Greece."
ab93c8b5c1a68316d04c11e7a9a4e9816cd754d7f655e6f6,4215,"Who is Sancha Of Castile, Queen Of Aragon's paternal grandmother?",['Urraca of León'], Hubba bint Hulail
ff1f1458c122cb17935c5b235537854af253dfffcd37f98d,4162,Where did the director of film Defilada graduate from?,['Warsaw School of Economics'], Andrzej Fidyk graduated from the University College-Dublin.
23c31f6cbc44072212b709b7348b2b6f8a012d997aaa706d,5648,"Which film has the director born first, The Ugly Ones or Practical Jokers?",['Practical Jokers'], The correct answer is: The Ugly Ones was released first.
379a5df5053403945db30c234b02d7d7087a593b070abb95,4787,"Which film has the director who is older, Cry Of The Hunted or Salvage With A Smile?",['Salvage With A Smile']," The correct answer is: Salvage With A Smile. The director of Salvage With A Smile is Adrian Brunel, who was born in 1892. The director of Cry Of The Hunted is William Friedkin, who was born in 1935."
891a3e506822e0c94cdbc63c673cf78d6b919a7479c1e961,5303,"Which film was released more recently, Singapore Dreaming or Gray Lady Down?",['Singapore Dreaming'], The correct answer is Singapore Dreaming was released more recently.
4e1520d379bc44b174f44482a9f512db0a7f9db46b7b68b7,5217,"Who lived longer, Motu Hafoka or Wilhelm Meise?",['Wilhelm Meise']," Motu Hafoka lived from 13 March 1987 to 30 June 2012. Wilhelm Meise lived from 14 November 1814 to 2 November 1886. Therefore, Wilhelm Meise lived longer than Motu Hafoka."
70601344d5c269a97df44b9d3429bfcc5230800d6c97ac3a,5047,Who is the paternal grandmother of Seleucus V Philometor?,['Laodice V'],"
The correct answer is Anne Denman."
4634cb79db611f92c95058db25906924969edc6a4fa86796,4460,"Which film has the director who is older than the other, Ebar Shabor or Circle Of Deception? ",['Circle Of Deception'], The correct answer is: Ebar Shabor.
f212a163fb7a09cc359579e6556fa9673926760ed4c9adc6,5552,"Are the movies Je Suis Né D'Une Cigogne and La Chair De L'Orchidée, from the same country?",['yes'], The correct answer is: Both films are French.
abcece2a80908d35b2f960f69df896560b7945225fd8f8e7,7761,"Which film has the director who died later, Searchlight On Japan or Beauties Of The Night?",['Searchlight On Japan'],"  The correct answer is: The director who died later is Ben Palmer.  The film Searchlight On Japan was released in 1965, and the film Beauties Of The Night was released in 1956. Ben Palmer died in 2020."
6b201c0435cc4b092d4e902e776e9fa619d1881a903d2e72,5793,Who is Sirikitiya Jensen's maternal grandmother?,['Sirikit']," The correct answer is: Princess Ubolratana Rajakanya, the eldest daughter of King Bhumibol Adulyadej of Thailand, is Sirikitiya Jensen's maternal grandmother."
32482945828a5aab162d7534d56b2b39f5292f6cd0fe0587,4584,"Who is Hermann, Prince Of Hohenlohe-Langenburg's paternal grandfather?",['Charles Louis'], The correct answer is: Prince William of Baden.
57d950b45a45d065fadfe4f352de3f11fcf3d7f57b89e322,9522,"Which film whose director is younger, Torments Of The Night or Dirty Dancing?",['Dirty Dancing'],"

The correct answer is: Torments Of The Night. Curtis Bernhardt, who directed Torments Of The Night, was born in 1899. Patrick Swayze, who directed Dirty Dancing, was born in 1952."
dd3a33f7a133c0cf642f5c916366314d4a4833334e35e724,10675,"Which film has the director died first, A Cinema Girl'S Romance or Buffalo Bill, Hero Of The Far West?","[""A Cinema Girl'S Romance""]"," The correct answer is A Cinema Girl'S Romance. The director of A Cinema Girl'S Romance, George Pearson, died in 1973. The director of Buffalo Bill, Hero Of The Far West, Robert Altman, died in 2006."
65590dadf33ffaf6588e11574f9534f5bd2cfd6be6ed04af,11081,Where was the place of burial of Meritites I's husband?,['Great Pyramid of Giza'], The correct answer is: The place of burial of Meritites I's husband is unknown.
ed5cc4c54d4f1e0c40ed2f1856e2a7b77727ec270fb7ea8d,10724,Who is the spouse of the composer of film Carmen On Ice?,['Geneviève Halévy'],"

The correct answer is: The composer of the film Carmen On Ice is Georges Bizet. The spouse of Georges Bizet is Geneviève Halévy."
fc80892790b31b3cc4863aec12c7c4231b79b71ede178fcb,9833,Who is the paternal grandmother of Julia Drusilla (Daughter Of Caligula)?,['Agrippina the Elder'],"

The correct answer is Anne Denman, played by Jeanne Moreau in the 1976 BBC mini-series I, Claudius."
d21649a79fe09ff3a8fb6b24c8cf2080e5aed3d29314fd9e,10369,Who is the spouse of the director of film The Glass Boat?,['Käthe von Nagy'], Eric Barclay
895501bb4736e0444f51d79ad89dbf1ba864fbe5746bf60d,11645,Where was the place of death of Mark Rockefeller's father?,['New York'],"
The correct answer is: Kykuit, the Rockefeller family estate in Pocantico Hills, New York."
3a4153b2cd645e567d268c92fc153be937caefb93ac238df,8135,Where did the composer of song Stairway To Paradise die?,['Hollywood'],"
The composer of song Stairway To Paradise, George Gershwin, died in Los Angeles, California, on July 11, 1937."
8b06481342514795c94dba8c3908439d584f6e4cdd87c2cd,10844,"Where did Thomas Howard, 2Nd Duke Of Norfolk's father die?",['Battle of Bosworth'],"
The correct answer is: Thomas Howard, 2Nd Duke Of Norfolk's father died at the Battle of Bosworth Field on 22 August 1485."
fe435be4a12cc594fc8802bfcf90f347b021af5ad41e8bff,8391,Do both films The Ides Of March (2011 Film) and Killer'S Romance have the directors from the same country?,['no']," The correct answer is: Yes, both films have directors from the same country. Philip Ko, who is from Hong Kong, directed Killer's Romance in 1990, and George Clooney, who is also from the United States, directed The Ides of March in 2011. However, it's important to note that Philip Ko's film was produced in Hong Kong, while The Ides of March was produced in the United States."
946f55e2ae8f0554988eafb8742ad72df47697cc67d5a1da,10928,Where did Sarah Scullin's husband graduate from?,['Ballarat'], Sarah Scullin's husband graduated from Melbourne General Cemetery.
35a170925f742e797e3009a3de4fb04254adc24b27c18327,11847,"Which film whose director is younger, Back To School or Bitter Moon?",['Back To School'], The correct answer is: Back To School.
ee48c43c95fa56bfe9b01e1972a65fe143f6e0905bb9da7f,11780,"Which film has the director born first, Free Hand For A Tough Cop or Man'S Favorite Sport??","[""Man'S Favorite Sport?""]","
The correct answer is: Free Hand For A Tough Cop was released before Man'S Favorite Sport?."
2344eeed78f160706f574a00ac6fce2601bdfbda95b0847c,9033,Where does Maureen Reagan's mother work at?,['Warner Bros.']," Maureen Reagan's mother, Jane Wyman, is an American actress."
56608e144ec858fa3185b2ac9e561547c68a5909c33033ba,10265,Who is the spouse of the director of film Shaadi Ka Laddoo?,['Mandira Bedi'], The correct answer is: The spouse of the director of film Shaadi Ka Laddoo is Marie-Claire Heureuse Félicité.
5d96128f61a057b9dbd947816e3d1344ec721974476308ce,8513,Where did Rainilaiarivony's father die?,['Kingdom of Imerina'],"

The correct answer is: Rainilaiarivony's father died in 1852."
da0b455bd3394d2118bf242b9458c3857d5d6e9ccbf07f64,11664,"Which film has the director who was born earlier, South Sea Sinner or I Was A Male War Bride?",['I Was A Male War Bride']," 
The correct answer is South Sea Sinner. Howard Hawks was born in 1896. He directed South Sea Sinner in 1930. He directed I Was A Male War Bride in 1949. Therefore, South Sea Sinner was made before I Was A Male War Bride."
4fff6183a4b54b4882e619b0641bc5371d4f0d14be96893c,8868,Where was the place of burial of Şirin Hatun's husband?,['Turkish'],"
The correct answer is: The place of burial of Şirin Hatun's husband was in the precincts of Daigo-ji, which is why the former-emperor's posthumous name became Daigo-tennō."
3795313abd01d109fcd48784fd0930d7af60a7caa223cdfe,9433,Who is the mother-in-law of Prince Radu Of Romania?,['Queen Anne of Romania'],"
The correct answer is: Maria Thins, played by Dame Diana Rigg, is the mother-in-law of Prince Radu of Romania."
7e9f113e82fc06b71e2d1791d35e6fb5d9548f7e2d37e68a,8098,Where was the director of film The Central Park Five born?,['Brooklyn'], The Central Park Five was directed by Sarah Burns. Sarah Burns was born in New York City.
fd540d0934a1450311a70666fe922779d77a831c56f545d2,11346,What is the cause of death of Alexandra Voronin's husband?,['firing squad'],"

Alexandra Voronin's husband died in an accident."
2f09ba9e44f712209fb73586e9f4fcc3b4080409689fe4b0,11017,Why did Grand Duke Kirill Vladimirovich Of Russia's wife die?,['stroke'],"
The correct answer is: Grand Duchess Victoria Melita of Russia, Kirill's wife, died of a stroke on 1 March 1995."
cddd24b3abd6643af5507f0bd5f523ce049256756a6a3648,10804,When was the presenter of Tim Russert (Talk Show) born?,"['May 7, 1950']"," The correct answer is: Tim Russert (Talk Show) was born on April 7, 1950."
c085e944c27941be03b4e45db3039b45a31f3c50117537a9,11496,"Which country the performer of song That'S Good, That'S Bad (Frankie Laine Song) is from?",['America']," The performer of the song That'S Good, That'S Bad (Frankie Laine Song) is from the United States."
ff147ffa9d6d295cdd0bfe0d0c99ec8dc6c212c3a4d3086a,10856,Do both Modesty Blaise (1966 Film) and Desperate Living films have the directors from the same country?,['yes'],
e3b48ce573be703c885c575899651a98ec7317b8d788e92d,10039,Where did the director of film Circle Of The Sun study?,['Southern Alberta Institute of Technology']," 

The correct answer is: The director of film Circle Of The Sun studied at University College-Dublin."
8dd616390124afd4e969f4764bf8fe02b8f4a60a3443c061,9041,Where did the director of film The Brave Bulls (Film) die?,['Hollywood'],"
The director of film The Brave Bulls (Film) died in El Paso, Texas."
c0589a8a7f7861f01a1a6396aeafcf23caaa2f0e154b711a,11355,Where did the performer of song Protection (Donna Summer Song) die?,['Naples'],"
The performer of the song Protection (Donna Summer Song) died in June 2012 at the age of 45 years from pancreatic cancer, at her home in Naples, Florida."
a404b5f1c4663d5e1aca2ddf6e5cc0f2b00a45c53c9181c9,8017,Where did the director of film Only The Lonely (Film) study?,['Tisch'],"
The director of film Only The Lonely (Film) studied at University College-Dublin."
9a1ec3f581a0267d71a30d7661ceb6e277b0be8a58c12e6e,11509,What is the award that the composer of song The Seeker (The Who Song) earned?,['Kennedy Center Honors'], The composer of the song The Seeker (The Who Song) earned a Grammy Award.
88b2be0a381982b7b05070e267d2440c77654bc8128403e6,11496,Who is the mother-in-law of Beatrice Of Provence?,['Blanche of Castile'],"

Answer: Marian Shields Robinson"
0f7c34cfb1c045d4b8242556440930f7d5ce60e4754443b4,10289,Were Don Leo Jonathan and Richard F. Kneip of the same nationality?,['yes']," 

The correct answer is: Yes, both Don Leo Jonathan and Richard F. Kneip are American."
9cda7c350b304bb4031d1f45de52bd897f0c79fb16aeafb8,11617,"Which film has the director who was born later, Steele Of The Royal Mounted or Beauty No. 2?",['Beauty No. 2']," The correct answer is: Steele Of The Royal Mounted was directed by J. Gordon Edwards, who was born before the director of Beauty No. 2, Max Marcin."
49f7b1a3cba0780245fe5dd975a3d396cf0301be50fe624c,9815,Do both directors of films Mr. And Mrs. Iyer and Ponnu Veetukkaran have the same nationality?,['yes']," 

The correct answer is: Yes, both directors are Indian."
00e8a018b17073a175614172e73871939a3b2ac4ca0c71c0,8510,Where was the performer of song Greatest Love (Ciara Song) born?,"['Austin, Texas']"," The correct answer is: Ciara was born in Atlanta, Georgia, United States."
24144554a83a55c968553f1def746d606e45881afe44feff,9965,"Which film whose director was born first, Kuei-Mei, A Woman or A Castle In Italy?","['Kuei-Mei, A Woman']"," The correct answer is: Kuei-Mei, A Woman was directed by Koji Shima before A Castle In Italy was directed by Koji Shima."
655fc29d0115a80d33282ccc52486416f3e2225f30f645c2,8535,"Who is Philipp I, Count Of Hanau-Münzenberg's maternal grandfather?",['Otto I'],"

The correct answer is Count Palatine Otto I of Mosbach."
97dd525d6b0d91e4d483f22988607e87048cfe088af93d80,11186,What is the cause of death of director of film Love On The Ground?,['Alzheimer'],"
The director of the film Love On The Ground is Martine Marignac. She is still alive."
cca264d7bde411c4959eb2e5fb33d9689ffb893184b023d8,10297,Who is the spouse of the director of film Jimmy Gallu?,['B. V. Radha']," The correct answer is Marie-Louise Joséphine Charlotte Ghislaine de Beauharnais, Princess of Holland and of France, born on 24 January 1773, is the spouse of the director of film Jimmy Gallu."
90c0b94b55bd4b31318d1fe53ac681eac695021547503740,8597,"Which one was established first, The Gravity Group or Victoria'S Secret?","[""Victoria'S Secret""]"," The Gravity Group was established first. The Gravity Group is a design firm that specializes in creating wooden roller coasters. They have designed and built many popular wooden coasters around the world. Victoria's Secret is a retail brand that sells lingerie, swimwear, and beauty products. It was founded in 1977 by Roy Raymond."
d3624780a9e9ffd5d7685f3f14e4df5d2a52601c151067fa,12248,Who is Margaret Hughes's father-in-law?,['Frederick V'],"
The correct answer is Johann Ludwig von Westphalen."
0e0bc7878677a1e7602253b2c26f6f96e58bc454b2b03ab8,9195,Are Ed Stelmach and Jack Goohsen of the same nationality?,['yes']," The correct answer is: Yes, they are both Canadian."
a12cab6db102d0096a60793a7681384930172b9f66642b88,11719,What is the place of birth of David Hyrum Smith's father?,['Sharon'],"
The place of birth of David Hyrum Smith's father is Joseph Smith Sr. He was born in Sharon, Vermont."
ff2da93ebf68b5f17fc7a7ba517067923702187fa561f91a,9455,"Where does the director of film L'Arbre, Le Maire Et La Médiathèque work at?",['Cahiers du cinéma']," The correct answer is: The director of film L'Arbre, Le Maire Et La Médiathèque works at Les Films du Losange."
ee5d9f9d86e7e98659e3e81baff53f13807147550593b3bb,10129,"Who is Joan Of France, Duchess Of Brittany's maternal grandmother?",['Taddea Visconti'],"

The correct answer is: Marie Joséphine Edwards, daughter of Gilbert Elliot-Murray-Kynynmound, 4th Earl of Minto, is Joan Of France, Duchess Of Brittany's maternal grandmother."
4ced3912f614aca56f95eb0431c22e53c24c05717bf75f62,10959,Where was the director of film War Of The Buttons (1994 Film) born?,"['Buffalo, New York']"," 

The correct answer is: Yann Samuell was born in Paris, France."
38ef6500ef63554606cf0cbea9d2a1839d2c162ddee3d5e3,8217,Where was the performer of song Wee Wee Hours born?,"['St. Louis, Missouri']","The correct answer is St. Louis, Missouri."
889a1f36f923d982676936ef5e04a451058981bc3ebdb614,8102,What is the place of birth of the composer of song Bullet (Misfits Song)?,"['Lodi, New Jersey']","
The composer of song Bullet (Misfits Song) was born in Philadelphia, New Jersey."
99f20fa9a6c649ab2d8158e55dec3f11a62ff85ccc4bfd06,9037,What is the place of birth of the founder of university University Of Los Andes (Colombia)?,['Paris']," The correct answer is: The founder of University Of Los Andes (Colombia) was born in Philadelphia, Pennsylvania, United States."
ae89a74d85721669f0befd1330ce01155e78286c2f487b0c,10683,Where does Olaf Iii Of Norway's father work at?,['Varangian Guard']," Olaf Iii Of Norway's father is Magnus Ii Of Norway. Magnus Ii Of Norway was the son of Harald Hardrada. Harald Hardrada was the King of Norway from 1047 to 1066. Therefore, Harald Hardrada is the father of Olaf Iii Of Norway's father, Magnus Ii Of Norway."
a827b18fdd282f4927917274185947356b3ad903c4cb1138,8890,"Which film came out earlier, Terminator 3: Rise Of The Machines or The Adventures Of Nellie Bly?",['The Adventures Of Nellie Bly']," The correct answer is: The Adventures Of Nellie Bly came out earlier. Terminator 3: Rise Of The Machines was released in 2003, while The Adventures Of Nellie Bly was released in 1981."
151426237d6b0e7678191426593135623644541aba08e8ad,9857,What is the cause of death of performer of song Just Playing (Dreams)?,['drive-by shooting']," The performer of the song Just Playing (Dreams) was shot and killed by an unidentified assailant in a drive-by shooting on March 8, 1997."
7de7d760b636aee90f01cbc0d33fcd4f3029bfbe12edf862,9121,"Which film has the director died later, Tenth Avenue Angel or Brink Of Life?",['Brink Of Life'],"

The correct answer is: Tenth Avenue Angel.

The director of Tenth Avenue Angel is Ingmar Bergman, and he died on July 30, 2007.

The director of Brink Of Life is John Florea, and he is still alive."
9586d46352803a35f5726af431ea649bdd71efec91590036,9472,Where did Miguel I Of Portugal's mother die?,['Queluz'],"
The correct answer is: Catherine of Austria died in Lisbon, Portugal."
45455a25fccc87732be135d786a3e41c36476ac878aca6a2,11357,"Which film was released more recently, A Gamble With Hearts or Lethal Weapon 2?",['Lethal Weapon 2'],"

The correct answer is Lethal Weapon 2. Lethal Weapon 2 was released in 1998, while A Gamble With Hearts is a 1918 silent film."
d6513ef664a26614629e878672c0ce2d7dd0f40c01592b85,9596,"Which film has the director who died earlier, Santa And The Fairy Snow Queen or Hearts In Bondage?",['Hearts In Bondage'],"
The correct answer is Santa And The Fairy Snow Queen. The director of Santa And The Fairy Snow Queen, Sidney Davis, died in 2006. The director of Hearts In Bondage, Ramsey Nouah, is still alive."
df369bbc837532888f001476535df2eb80cdbfaed0c6f294,10771,"Which film has the director who was born later, Je Suis Né D'Une Cigogne or The Legend Of Bagger Vance?","[""Je Suis Né D'Une Cigogne""]","
The correct answer is: Je Suis Né D'Une Cigogne."
005c463249f9b25799798627fade1ca97e3dede4f8245a23,9189,Who is Bohemond Iv Of Antioch's paternal grandmother?,['Constance of Antioch']," 
The correct answer is: Sybil, the daughter of Guy of Lusignan, is Bohemond IV of Antioch's paternal grandmother."
de12796f0b44192fa49330a70a956b53668b09b95a2e72d1,9359,What is the place of birth of Frankie Bridge's husband?,['Southampton']," Frankie Bridge's husband, Wayne Bridge, was born in Essex Fells, New Jersey."
8086467ebb712146e7215eb1656245f9901dad34f6931fdf,10687,Where was the performer of song Believe It (Meek Mill Song) detained?,['State Correctional Institution – Chester'], The performer of song Believe It (Meek Mill Song) was detained at St. Louis Lambert International Airport in Missouri.
4072ff277a7ef3ebd671ad0df389adb782f316051dec1edf,8532,Where was the place of death of Yazid Iii's father?,['Damascus'],"

The correct answer is: Yazid Iii's father, al-Walid II, was born in Damascus.

References

* Al-Baladhuri, Ahmad ibn Yahya. Ansab al-Ashraf. Leiden: Brill, 1866.
* Al-Tabari, Abu Ja'far Muhammad ibn Jarir. The History of al-Tabari: The Early Caliphate, Volume 3: The Reign of 'Umar II and the Accession of Yazid II. Transl"
e367499fba5b229051bc79021a1ad30bbd066b1f89c277f6,8053,Who is Rose Schlossberg's father?,['Edwin Schlossberg'],The correct answer is Edwin Schlossberg.
5ed74e008cbf844474db3cd9bd66a56434e7673185737175,11818,"Who is the father-in-law of Maria Manuela, Princess Of Portugal?",['Charles V'],"
The correct answer is: King John III of Portugal is the father-in-law of Maria Manuela, Princess Of Portugal."
a90876cb94542570afab3b1ecc9632b46ed73f0c703edb79,12334,What is the place of birth of Joely Collins's father?,['London'],
3809f116856e090121b8d2d54cb0416076a8916013f06997,10696,Where did the director of film India Speaks die?,['Pacific'],"  The director of film India Speaks, Richard Halliburton, died at sea on March 23, 1939."
ee5c0b8fe31f40bbf2579439858229041ea769a46d82f49b,8703,Are both directors of films Escape From East Berlin and A Place In The Sun (Film) from the same country?,['yes'],"

The correct answer is: Yes, both directors are from the same country. Robert Siodmak is a German film director."
247aec3a792a00436b8b371eb86bbe6e46bdc5f05029c7e8,10645,Who is Sun Luyu's paternal grandfather?,['Sun Jian'], The correct answer is Sun Jian.
a19b5039e3aa94a03697678cc751b306232b2a7aa4c2b3c0,11594,What is the place of birth of Patricia Kennedy Lawford's father?,['Boston'],"

 The correct answer is: Patricia Kennedy Lawford's father was born in Belfast, Ireland."
3028780b1d61923e9791e81da2147de86a3be9e559e3bd73,9675,What is the place of birth of the director of film My Case?,['Porto'],
8419d7b9bbd7db822732f59dca410050121aa69c36964cf1,11623,"Which film has the director born first, The Favor (1994 Film) or Heaven Knows, Mr. Allison?","['Heaven Knows, Mr. Allison']"," The correct answer is: Heaven Knows, Mr. Allison (1957 Film) was directed by John Huston before The Favor (1994 Film)."
4cd06c998601679deb329a164b76914224ddd81d133d052a,10522,Who is the spouse of the director of film På Solsiden?,['Otto Carlmar'], The correct answer is: The director of the film På Solsiden is Gustaf Molander. The spouse of Gustaf Molander is Greta Garbo.
c5521b710d470612448ccb7e77d6c161b5f28f159d12af3e,12049,Who is the mother of the founder of Waitrose Duchy Organic?,['Elizabeth II'],
718f63a7f06993d0dc1632cb0114348dceb9897f821c2d55,11192,Are director of film The Girl In The Sneakers and director of film Long Pants both from the same country?,['no'],"

Yes, both directors are from Iran."
5679a28af119c49eef128407fce019942c46a7bfb755b130,10244,Who is the spouse of the director of film Rodney Steps In?,['Ivy Duke'], Guy Newall
e5dd7853e4698d1605ac8993911f1dd498a8229cce0fb842,9280,Where was the director of film The Heart Of The World born?,"['Winnipeg, Manitoba']"," The correct answer is: The director of film The Heart Of The World was born in Dublin, Ireland."
0874617ba73c23542f0abc0a68c4792cf2c535bbec0e11b5,9757,What nationality is Godan Khan's father?,['Mongol Empire'],Godan Khan's father is Temüge Otchigin.
3217ac618975993bd935ed6711f8aeaa1b310d4157667829,8599,"Which film was released more recently, State Rowdy or Spy Kids 2: The Island Of Lost Dreams?",['Spy Kids 2: The Island Of Lost Dreams']," 
The correct answer is: Spy Kids 2: The Island Of Lost Dreams was released more recently than State Rowdy. Spy Kids 2: The Island Of Lost Dreams was released in 2002, while State Rowdy was released in 1989."
df9e21637eedca8ff688f26f20ae83e7883c92575a225130,8828,What nationality is the director of film Civil Brand?,['American'], The correct answer is: Neema Barnette is a Nigerian-American director.
31cd60e0e4f7769a631584652127f3f626f55edc8d85887a,9519,What nationality is Rajaraja Ii's father?,['Chola dynasty']," Rajaraja Ii's father is Anangabhima Deva III, who is of Eastern Ganga nationality."
cdca45dc9a7a450ca91719626f641a58e92a5ce2e3fbe767,8161,Who is the maternal grandmother of Prince Feodor Alexandrovich Of Russia?,['Maria Feodorovna']," == The correct answer is: Grand Duchess Xenia Alexandrovna of Russia, played by Helen Mirren in the film 'Anastasia: The Last Tsarina', is the maternal grandmother of Prince Feodor Alexandrovich of Russia."
87932b85c9972f32d1e88477d93d8115a87d42eaf0091ee9,8829,Who is the paternal grandfather of Shahrbanu?,['Shahriyar'],"
The correct answer is Yazdegerd III, the last Sassanid emperor of Persia."
d4b716f9cc9884457dbe3369ee030d8b2c0e39a26036c592,10589,What is the place of birth of the performer of song If You Want To Be My Woman?,['Bakersfield'],"The correct answer is: The performer of the song If You Want To Be My Woman is Merle Haggard. He was born in Oildale, California."
6db754cfbd5b3e680c13bee29dec733d35be7d4fe0f46b36,11592,Where did the composer of song Nocturne (Britten) die?,['Aldeburgh'],"
The composer of song Nocturne (Britten) died in Aldeburgh, Suffolk, England."
1c58a30eb49959465cf6b97dc7e86d22b05436c8813c9499,8887,"Which film has the director died earlier, Frankenstein 90 or Messenger Of Death?",['Messenger Of Death'], The correct answer is Frankenstein 90. The director Alain Jessua died in 2017.
947f3484b4e4e37f04811bf3de2685b71145510a3fdbf906,9938,Do Shari Roman and Stately Wayne Manor share the same nationality?,['yes']," Yes, they are both American."
54afee9afec7cd7053b95b1f9c63f196392fd26653c0824e,9434,Do both Extract (Film) and Thou Wast Mild And Lovely films have the directors from the same country?,['yes']," Yes, both Extract (Film) and Thou Wast Mild And Lovely are directed by American directors, Mike Judge."
01f2daeaf538f2fe512ea44ea999e66a1b190a1b1d283ddf,11104,What is the cause of death of performer of song Things Done Changed?,['drive-by shooting']," The performer of the song Things Done Changed is The Notorious B.I.G. He was murdered by an unidentified assailant in a drive-by shooting on March 8, 1997."
3605abcc4f4de1deab21d77ea9de019d736e6b9331123370,12233,What is the place of birth of Philip Willkie's father?,"['Elwood, Indiana']","
The correct answer is: Wendell Willkie was born in Elwood, Indiana."
215c97da09f739be0c873d0a2496a5fe5490e0bd2da665e5,11410,Where was the husband of Nagammai born?,['Erode'],"  The correct answer is: The husband of Nagammai was born in Dallas, Texas."
c8196f55c719e2e4e3b10439d7b124a90f9f4b3c1cd39db9,10632,Where was the place of death of Maurice De Saxe's father?,['Warsaw'],"
The correct answer is: Maurice De Saxe's father died in Warsaw."
c5b6ca14b3a40c33643e1d1bccb55a7898e9db8bda5780b8,11119,Where does Emmy Göring's husband work at?,['Gestapo'],"Emmy Göring's husband, Hermann Göring, is the Commander-in-Chief of the Luftwaffe."
f1b27c9b1e5e3c79b01d560da3336cafba5dd2db5f475845,11563,"Which film has the director died earlier, Ludwig Ii, King Of Bavaria or Meyer From Berlin?",['Meyer From Berlin']," The correct answer is: Ludwig Ii, King Of Bavaria died earlier."
081c47a97a4d7be7bdce61ef84d30fc6bb33ca65c913523b,11443,What is the award that the composer of song I'M One earned?,['Kennedy Center Honors'], The composer of song I'M One earned an Emmy Award for his music direction.
83c9affafe86b9685bac3a6f08866e566f30993f94ae0f34,12093,Are Big Pal and The Invisible Man Attacks from the same country?,['no']," Yes, both films are American."
4b564dc097e7bbbd647ac1a6e70a11ab76351cc8415a733f,12120,Who is the father of the composer of song I Miss You (Miley Cyrus Song)?,['Billy Ray Cyrus'],"

Ron Cyrus"
9c97734975e213c99c7db7454cbe8f847934f5525772f95b,10043,Where did Brooklyn Sudano's mother die?,['Naples'],"
The correct answer is: Brooklyn Sudano's mother died in Naples, Florida."
690049a1a7cf75590b79f2c8cb48fb2fa62b3d6880c70aa4,9331,Who is the mother of the performer of song Feel Good (Robin Thicke Song)?,['Gloria Loring'],"  The correct answer is Minamoto no Chikako, the daughter of Kitabatake Morochika, was the mother of Emperor Go-Daigo and was the mother of Robin Thicke."
91e951fe724d2850c40cfc8c0ad4357f5ab5a6068ab7f6e6,9895,Who is the mother-in-law of Hafsa Hatun?,['Gülçiçek Hatun'],"
The correct answer is: Maria Thins, played by actress Hiam Abbass, is the mother-in-law of Hafsa Hatun in the TV series 'The Serpent'."
051d0c0da566fd0fe1d29d5d4916b118c73d76d0ae78a215,8832,Where was the father of Alexei Antonovich Of Brunswick born?,['Bevern'],"
The correct answer is: The father of Alexei Antonovich Of Brunswick was born in Wolfenbüttel."
bf38d1ee9dcb2c26f2a55cde167dae2eeb4047687079a45a,8872,"Where was the place of death of Elizabeth Fitzalan, Duchess Of Norfolk's husband?",['Venice'],"

The correct answer is: Beaulieu-sur-Loire, France."
