41ac2a4beb0af8f58d01863a62b90692f7c7d74b5e3a58d9,4696,Where was the wife of Francis I Rákóczi born?,['Ozalj'],Daughter of Sophia Báthory.
3924e4ac5039ce3fadda49604bfcb0f5238af81774616e53,4776,Who is Sobe (Sister Of Saint Anne)'s grandchild?,['John the Baptist'],"

Elizabeth, daughter of Sobe, is the grandchild of Saint Anne."
2c952e3e1ca394df975103b3135b3c38e0ee16e25d860258,4274,Where does the director of film Man At Bath work at?,['Cahiers du cinéma'],"

The director of film Man At Bath works at Lyon."
aec83da1f2faf6ec8badfd53d632f525c9ef2090d99d1c6c,8125,Do both Beauty And The Bad Man and Wild Child (Film) films have the directors from the same country?,['no'],"

No, different countries."
4b28d517ce1c1e3cfec9282ca7b212c1cb87c254781d7c86,4621,"What is the date of birth of William Paulet, 3Rd Marquess Of Winchester's father?",['1510'],"

Answer: Born c. 1483/1485."
81cd47ec621f2228d8bb4ec351ffd6b23d23107e5b287ffb,4625,"Who is Edward Watson, Viscount Sondes's paternal grandfather?",['Edward Watson'],"

Lewis Watson, 1st Earl of Rockingham"
048e82b64b5651b74d452db7151c2110a718128dfd12a774,5001,"What is the date of death of Humphrey De Bohun, 7Th Earl Of Hereford's father?",['16 September 1360'],Henry de Bohun died in 1220.
c8fd8db4d295aef41a9434299a8eeffb9af5e2bbcde4f13a,7639,Who is Helmichis's father-in-law?,['Cunimund'],John Adams (Passage 7)
4db5bcd1d49fce674507d9128850eb71b808b7dc4246e882,3964,Where did Helena Carroll's father study?,"[""St Patrick's College""]","Abbey Theatre, Dublin."
be97290f663a83ba27007dd262ca2a6072c9156f775a24ad,5162,Where does the director of film Wine Of Morning work at?,['Bob Jones University'],Unusual Films
538d0eac8ec082e93d6f273237fafd1f23fb405e35bad84e,10338,"Which film has the director who was born earlier, The Secret Invasion or The House Of The Seven Hawks?",['The House Of The Seven Hawks']," Earlier: The House Of The Seven Hawks. (The director of The Secret Invasion was born in 1926, while the director of The House Of The Seven Hawks was born in 1896.)"
37022dee1597491021c2aa7522276a600eb0dd316f12cbb6,3596,"Who is the paternal grandmother of Marie Of Brabant, Queen Of France?",['Marie of Hohenstaufen'], Marie's paternal grandmother is Margaret of Brabant.
90f7f51f0c27f041e730cf8893f79f3f40fcb0aab1820a4d,1280,"Who is Renaud Ii, Count Of Soissons's uncle?","['Guy II, Count of Soissons']","

The uncle of Renaud II, Count of Soissons, is William Busac."
ee29eb2556135405fa19a48b0abdff0aceddef7594169c33,3432,When did William Le Poer Trench's father die?,['26 April 1872'],"

Answer: Before 1800.

Explanation:
William Le Poer Trench was born in 1771, and his father was already a nobleman (Earl of Clancarty) at the time of his birth. Therefore, William Le Poer Trench's father must have died before 1800, as the title of Earl of Clancarty was passed on to William before that year."
2a398d925d3607c94ffb2d0cf9fe2fe6da6e9970ce95578a,4442,Which country the director of film Renegade Force is from?,['America'],Martin Kunert is American.
8d3cf7916a2f8a2762de13a9520b6350e46464fbf7f63dd5,10444,Who is the spouse of the director of film Emergency Wedding?,['Ona Munson'],Willard Parker
5844352bd3fe5898756970abec3099ec694be6ad15c498db,1696,"Which film came out earlier, Indradhanura Chhai or The Death Of Black King?",['The Death Of Black King'],"

Indradhanura Chhai came out earlier. (1993)"
4413705182b57f12dc553e0919b50fd3c3b111cb4d82d12f,5932,Do both films The Reincarnation Of Golden Lotus and I'Ll Get By (Film) have the directors from the same country?,['no'],"

No, different countries."
cc32d31bbeb3e0d8787e963cf0843ae6b22f33817eb5a587,535,"Are both villages, Rhosgoch and Qaleh-Ye Sahar, located in the same country?",['no'],"

Iran and Wales. No, they are not."
b3845fcad97309850a76e3720cd829a45d2bb12ee29a9cfb,3532,Where was the director of film Kanneshwara Rama born?,['Mysore'],"M. S. Sathyu was born in Mysore, India."
236eb4a8c2ba63d96ed3b6aec9ff7b00fa5e4df1173dd01c,2782,Where was the place of death of Randi Monsen's father?,['Kristiania'],The place of death of Randi Monsen's father was in Norway.
e026b7c57d2d759c12652fae6421931fe4f8cf8745ff9bdb,7578,Where did the performer of song I'Ll Say It graduate from?,['Lee Strasberg Theatre and Film Institute'],"

Lee Strasberg Theatre and Film Institute"
8dedfb4f00b873379cb4457d81113516b8db6c4017a1c912,9013,"Which film has the director who was born first, Hell Up In Harlem or The Soviet Story?",['Hell Up In Harlem'],"

Earlier born: Hell Up In Harlem. Larry Cohen was born in 1936."
7c0b13a81d9d58791b71c2d8e46d2d063de3b9e89c75335f,6026,"Who was born first, Cipriano Castro or Damir Nikšić?",['Cipriano Castro'],"
Cipriano Castro was born first."
655c0c4e465b47d7fd829d3a487705991f4c059cee3c9aed,6192,"Which film has the director who died first, The Year Of The Rabbit or Monster On The Campus?",['Monster On The Campus'],"

The Year Of The Rabbit (1987) - Jack Arnold died (1992)

Therefore, Monster On The Campus was released before Jack Arnold's death."
8720ebfc91b6860392a2b7b0ba954b0cd16ffd8c360a1f2b,889,"Who is younger, Guy Arvely Dolsin or Altuğ Çelikbilek?",['Altuğ Çelikbilek'],Younger: Guy Arvely Dolsin.
919cc6b1e482c475dc93740aae3549bc6012d644fb29562c,3517,"Which song came out first, Joel The Lump Of Coal or Jugband Blues?",['Jugband Blues'],"

Earlier: Jugband Blues"
0d02726cbaab0fbd2e84b7537550154e8aa96f81abb2864b,4141,Are both Open Mobile and Primestar located in the same country?,['yes'],"Yes, both are in the U.S."
33e3bc2dc011e79c047553153b1ab176c6a08f923af245ec,3948,Who is the paternal grandfather of Baldwin I Rátót?,['Leustach Rátót'],Rathold Rátót
6275ba9fee197d2fab82671a4497b4764a461c2c7c33ac0b,4625,What is the place of birth of Ratna Malla's father?,['Nepal'],"

The answer is 'Kathmandu Valley'. However, the passage does mention that Ratna Malla's father is Jayayakshya Malla, but it does not explicitly state where he was born. Therefore, the question cannot be answered directly from the given passage."
40de6f6c353c080845a8ea644039e9ba83cd481d3745395b,4383,"Who is Archibald Acheson, 4Th Earl Of Gosford's paternal grandfather?","['Archibald Acheson, 2nd Earl of Gosford']","

Arthur Acheson, 1st Earl of Gosford"
35ffcf04ff64965decfcd3d34ff37b35da2a92f0b64346cd,5464,Who is the paternal grandfather of Mark Getty?,['Jean Paul Getty'],John Paul Getty Sr.
47ed89f40cae521df8767b1b7077fe9c547c10fd8bf1c6b2,11686,Where did the performer of song Fantasy (George Michael Song) die?,"['Goring-on-Thames, Oxfordshire']","
Goring-on-Thames, Oxfordshire, UK."
ead67129fee9b0024c9c3f53041469d74cf8a0281e39febb,3122,Do director of film Betrayal (1932 Film) and director of film The Godsend (Film) share the same nationality?,['yes'],"

Both British directors."
0ef1c3ac6b07212a6d5a91bfab2c12f2823412f10f667616,4154,"Which film whose director was born first, The Abduction Club or Wooden Crosses?",['Wooden Crosses'],Earlier birth of Raymond Bernard.
8daefc2a4f66b3614a6934857c8c8f9cfdeb3ca23d16e172,3299,"Which film came out earlier, Above Rubies or The Magic Aster?",['Above Rubies'],"
 Above Rubies (1932) older than The Magic Aster (2009)"
bc40752faddd32264f8402321411881736ab5a4733eee758,4436,"Which film has the director who is older than the other, Blue Blood And Red or The Longshot? ",['Blue Blood And Red'],"

The older film, Blue Blood And Red."
6e7d2d0700c8ec6fc15dc188c42d8104b89935219254fdaf,2896,What is the place of birth of the director of film Clowning Around?,"['Castlemaine, Victoria, Australia']","

George Whaley was born in Castlemaine, Victoria, Australia."
9a0ab728b48d43221f196b43d2816a4dff4142fd0054a4eb,6416,"Who was born later, Paul De Scherff or Lyudmyla Olyanovska?",['Lyudmyla Olyanovska'],"

Paul De Scherff was born earlier."
6e7c0185fda0b6211274db748205994ee1468cfb30e2023d,4769,Where was the place of death of Kamures Kadın's husband?,['Constantinople'],Beaulieu-sur-Loire
55acb15a501d22031778ff4ccb655e787668b617d911daa9,4957,What is the place of birth of Bernard (Son Of Charles The Fat)'s father?,['East Francia'],"Melun, France."
57543e0892f90733bf97dc270cdb36eb9bf8e2230940bcb9,2540,"Which film has the director who died first, Tex And The Lord Of The Deep or Henry Goes Arizona?",['Henry Goes Arizona'],"

The director of Henry Goes Arizona died first. (Edwin L. Marin)"
2d1951b62f317038d28f6ac6a2b21e9d2e7f921ea528948b,8759,Which country the performer of song I Believe In Your Sweet Love is from?,['United Kingdom'],Wales
b126cad8f81aed3c5cc29c20c25b1adc7d1f33e1c4e264c3,5527,"Which film whose producer was born first, All-American Co-Ed or Lagu Kenangan?",['All-American Co-Ed'],Earlier: All-American Co-Ed.
188123e1b35a7de33fc44a40b55ab9ff0b59d29dc30f9148,3859,What is the place of birth of the director of film A Chrysanthemum Bursts In Cincoesquinas?,['Buenos Aires'],"Buenos Aires, Argentina"
5ff6349ea0b2ecb882f535ff3cec2f9c012d3468fb7b912e,5695,Who is the mother-in-law of Louise Of Mecklenburg-Güstrow?,['Charlotte Amalie of Hesse-Kassel'],Duchess Magdalene Sibylle of Holstein-Gottorp
314e76591d11d30d2bd59b2f12b671e873b786656f19956d,3954,Where was the place of death of Agnes Of Hohenstaufen's husband?,['Brunswick'],"

The husband of Agnes Of Hohenstaufen died in 1253."
7140432f1c424674d04ea819fa63f85aa4f154d72ab66285,3690,Who is Marcus Annius Libo's aunt?,['Vibia Sabina'],"

Haru, daughter of Saigō Takamori, is Kawamura Sumiyoshi's wife. Therefore, Saigō Takamori is Marcus Annius Libo's uncle."
3292d2bcbbf8fc4816d168bcb7f81c13341198da1e88b903,1120,"Which film was released more recently, Bajo Otro Sol or Riding The California Trail?",['Bajo Otro Sol'],"
Bajo Otro Sol was released more recently."
5421c1e591296d64636a7e99fbfe98dddfed0f83d2053380,3219,Who is the mother of the director of film Dalida (2017 Film)?,['Marie Laforêt'],Lisa Azuelos
f67db35cb225c73bb753006bd14fab03942bbe0157a74979,10498,Who is the spouse of the director of film Streets Of Blood?,['Sandra Nelson'],"

Sandra Nelson"
96500ef697df70106798988a9065594622cdeff67156cd20,4570,When is Henrietta Maria Of Brandenburg-Schwedt's father's birthday?,"['May 19, 1669']","
Great Elector, 1669."
5a867841d94c9f88f3bc0c333e93484486b09341db474bd6,3496,"Where was the place of death of Sancha Of Castile, Queen Of Navarre's mother?",['Palencia'],"

Sancha's mother died in Pamplona."
059802de84ebd63ee99284c9cb2b7db2d45ca66c55e68ee1,3934,"Which film was released more recently, Dance With A Stranger or Miley Naa Miley Hum?",['Miley Naa Miley Hum'],"
Miley Naa Miley Hum released more recently."
fcc4a49fbe72f1b8ffef144e2e9d85bfc8897ba2864fd521,3324,"Which film has the director who is older, Space Probe Taurus or Tom Mix In Arabia?",['Tom Mix In Arabia'],"

The older director is Lynn Reynolds."
633204c891118a6f3d1ae62d7b444c2ee02ad0cbae4876cc,2708,"Which film has the director died later, Seven In The Sun or Daughter Of The Jungle?",['Seven In The Sun'],"

Later: Seven In The Sun. (Jean Rollin died later for Le Masque de la Méduse.)"
977f59ef09f7cc4ad6c71fc18d8b60e818e07a43cd7bee92,4218,"Which film was released first, Vacations In Majorca or Dr. Socrates?",['Dr. Socrates'],"

Earlier: Vacations In Majorca"
5c3829f10f9daf565e9b5b52ca19f5c044550e916479da74,6736,"Which film has the director born later, Woman In The Moon or Changeland?",['Changeland'],"

Later: Changeland"
0a64d8873482d91efc595a508218c6ce881c13c95028039e,2046,"Who is younger, Peter Rosegger or Ruel Redinger?",['Ruel Redinger'],"

Peter Rosegger is older. (by 17 years)"
44b7f326c7b3c430968c237ee4017425d03eef586d5d6cb7,2898,Who is Pyotr Karatygin's sibling-in-law?,['Alexandra Kolosova'],"

Pyotr Karatygin's brother-in-law is Vasily Karatygin."
85d2e8c38cc3b6f464eae6d84ef2df5f41807c9f8bf3aac8,7833,Who is the spouse of the performer of song This Time (Waylon Jennings Song)?,['Jessi Colter'],"

The spouse of Waylon Jennings at the time of writing and performing the song 'This Time' was Jessi Colter."
1038dcf795ffefdb5d947e54a7e2d3b04d73895e482fd324,2351,Are Twin Cairns Island and Nova Zembla Island located in the same country?,['yes'],"Yes, they're in Canada."
62616c28af945825f87a95c47c1783dc284b06ec2d447402,2189,"Who died first, Erich Haenisch or William Pooley?",['William Pooley'],"
Erich Haenisch died first, in 1966."
a3c88e70534d79b432d32c0b53d0d181c957b353f658dc95,4845,What nationality is the performer of song You Can?,['Sweden'],"

The performer of the song You Can is Madleen Kane, a French singer."
63df7238a0005c6bffc122ca97570a95eb1d3711abaee205,1412,Do Nick Varner and Carl Duser share the same nationality?,['yes'],"

Yes, they are both American."
c94e0220a7c5dadee3094df576df766b6d1a15b6c6e21011,4784,"Which film has the director who died earlier, Melody Of The World or Ladies Love Danger?",['Melody Of The World'],Earlier: Melody Of The World.
cab5465c3f7663e5d72c15a32bc04c8a917dac3c03828814,2868,Where was the place of death of the composer of film Miracle Of Marcelino?,['Madrid'],"

Seville, Spain"
be0651d84c04af5de43e28cf89e78d7e87490e637167632e,3211,Who is the mother of the director of film Atomised (Film)?,['Gisela Elsner'],"

Oskar Roehler's mother"
ef73e58876b94a997d928ee13b7ac7cdb8b8aa0bac856a92,4142,"Which film has the director who died later, The Great Man'S Lady or La Belle Américaine?",['La Belle Américaine'],"

The Great Man'S Lady (Robert Dhéry)"
7940c60a5ff2d81b62d118253577d1d891057ca45695e91a,3277,What is the place of birth of the director of film Sweepstakes (Film)?,"['Oklahoma City, Oklahoma']","Albert S. Rogell was born in Oklahoma City, Oklahoma."
a88430cef36a0222c3c30780328ff266b16325a7ec723a97,4240,Where was the place of death of Shahnawaz Bhutto's mother?,['Dubai'],"

The passage does not provide the place of death of Shahnawaz Bhutto's mother. It only mentions that she is buried in the Bhutto family mausoleum in Garhi Khuda Baksh in Sindh."
0bcff697444354703dd1e8987a709b8ed2f44bf9d6b2d320,4966,Where was the performer of song Égérie (Song) born?,['La Trinité'],French rapper Nekfeu was born in Paris.
24e27e943be014d4549674d581cdc20fdae92fa3d9cd256c,4350,Who is the father-in-law of Duke William Of Mecklenburg-Schwerin?,['Prince Albert of Prussia'],Prince Albert of Prussia
0c43156b7d6bc17425a89dc6c6d48fc8c2c72ac9eba55a87,562,Are Gut (Crișul Alb) and Gepiș both located in the same country?,['yes'],"
Yes, both in Romania."
64d6357ab735a8542112f87893a6e7c89b1b307bdb0e24c7,3847,Where was the place of death of Anne Devereux's husband?,['Banbury'],"

The passage does not provide the answer to the question. Anne Devereux's husband, William Herbert, died in Northampton, England."
9ef1c9e836fb3844fe16369a346088af89b8da29e24aab1f,2779,"Who is Sir William Gore, 3Rd Baronet's paternal grandfather?","['Sir Paul Gore, 1st Baronet']","
Sir Paul Gore, 1st Baronet."
f11ac580e22d7d0e3da7cf1c725c8def8aef4aa891baa07a,8314,Which country Nizar Al-Mustafa's father is from?,['Fatimid caliphate'],"

The father of Nizar Al-Mustafa is from Egypt."
884614fa7d0fe723587d2f2677d3f2143cd13ab74391bea6,3761,Where was the wife of Lou Breslow born?,"['Dayton, Ohio']","

Born in Dayton, Ohio."
ec4ba162decfc8dd03ccbca7832f3cecf985a5542e70dec1,11373,Who is the spouse of the director of film Ann Carver'S Profession?,['Ona Munson'],"

Gene Raymond"
9c5350cca5afdd1a7254dbc26b3642401551473f4b071ce6,3866,"Which film came out earlier, The Drover'S Sweetheart or Pigsty (Film)?","[""The Drover'S Sweetheart""]","

Earlier: The Drover'S Sweetheart (1911)"
9ce10c5072e04cbd0d81d7e721fba8cf8062cc665fd32314,3459,What is the place of birth of the director of film Bhagirathi (Film)?,['Tumkur'],"Baraguru, Karnataka."
58301315eaee3256c8f5ddefb03de59d55a75d3a37aab88a,4713,"Which film came out earlier, Closely Watched Trains or Det Sande Ansigt?",['Det Sande Ansigt'],"

Earlier: Closely Watched Trains"
62453a76a4867b6d09ac435581e1a327ec5b55cf231c79f9,4261,"Which film has the director who died earlier, Il Gaucho or Bomgay?",['Bomgay'],"

Answer: Il Gaucho (1964)"
e5eb5e5215ff4d3f7a036fa1a20699d85cdfb68a7908f086,5869,Where was the place of death of Maria (Wife Of Boris I Of Bulgaria)'s husband?,['Preslav'],Beaulieu-sur-Loire
1d38c4b905f131417ce218eb86f68305a10160f9757cbeca,3504,"Which film came out first, The Pyrammmid or Revolt Of The Praetorians?",['Revolt Of The Praetorians'],"

Earlier: The Pyrammmid"
c1b46a5458b15fdbfcd264b7e26e42d2cbaafb0e6dc5f48d,10582,Are both directors of films La Morte Vivante and Stranger On Horseback from the same country?,['yes'],"Yes, both French."
98ead8987446388d37301c03d7d9f24e2f511a9e0c10bcdf,5584,What is the cause of death of Constantia Eriksdotter's father?,['poisoning'],Arsenic poisoning.
d267c5682ee42c1a570524a4b129fa908997a0ecfe07f8f6,5631,What nationality is the director of film Postmortem (1998 Film)?,['America'],American.
fac1e789f954097c329b2709c591f0b35841438b14d08784,8829,Which country Keōpūolani's husband is from?,['Kingdom of Hawaii'],Hawaiian nobleman
c9e8d02824dfbdf95fe9f90c45dc13bc12f45b6969b1467b,2674,"Which film came out earlier, X-Paroni or Mi Novia Está De Madre?",['X-Paroni'],"

X-Paroni came out earlier. (1964)"
f77d9c5f3892f245b951dfd32e935473f63a4c6b565e31a9,6052,"Which film was released earlier, August Underground'S Penance or Vasantha Raagam?",['Vasantha Raagam'],"

Vasantha Raagam released earlier."
eb1478ef3d4926564e153e99fd139c87e59cfaee49caac88,6337,Who is the father-in-law of Hong Ra-Hee?,['Lee Byung-chul'],Lee Kun-hee
259e029da053a54f862f2455f3b92fb5f1b810647f1c1825,4501,Who is Isabella Of Bourbon's paternal grandfather?,"['John I, Duke of Bourbon']","

Answer: Archambault VII, Count of Bourbon."
70923ff731dcad518ecdcdc8b53e165e8515a96ecf8f23c7,10742,What is the date of death of Duleep Singh's father?,['27 June 1839'],"

Answer: 1839 (Maharaja Ranjit Singh died in 1839)"
a14e739445167b1be10d3a125f958a244c4b378261598a57,3888,What is the place of birth of the director of film Gunsmoke (Film)?,['Gura Humorului'],Nathan Juran was born in Austria.
32092cc7b80094b9c8914c1f70000295aefc4a985747b0ed,5091,"Who is the spouse of the performer of song Et Moi, Et Moi, Et Moi?",['Françoise Hardy'],"

The answer is: Hadi Kalafate.

Explanation:
The passage mentions that Hadi Kalafate was the bassist in El Toro et les Cyclones, the band that Jacques Dutronc was a part of before he began his solo career. The song Et Moi, Et Moi, Et Moi was originally recorded with Hadi Kalafate on vocals, but Dutronc later recorded his own version. Therefore, Hadi Kalafate is the original performer of the song Et Moi, Et Moi, Et Moi."
0c4dd15b43d1061d372c11946aa71630926e2570f333f538,8386,"Who lived longer, Charles Wheatstone or Jean-Claude Lauzon?",['Charles Wheatstone'],"

Charles Wheatstone lived longer. (73 years)
Jean-Claude Lauzon lived shorter. (43 years)"
ececb22cb4bba60194702771c0d4de89658a4798d7efa1a1,1917,Where was the place of death of Thomas E. Noell's father?,['Washington'],"

The place of death of Thomas E. Noell's father was in Washington, D.C."
da746ca10a31021be62e267f4e1407178b3f4a2d340672d3,9611,"Which film has the director died first, Our Agent Tiger or London Melody?",['London Melody'],"

Neither film, Jean Rollin died in 2010."
b8ffb375e75ee2976b8825d05d48c34638c7ffeb6d67baff,3208,Who is the paternal grandfather of Diego Fernández De Oviedo?,['Flaín Muñoz'],"

Fernando Bermúdez de Cea"
259c17d6e4a5e4c74669836fec3c6de0730bf65e67e6d988,4398,Who is the child of the director of film The Trouble With Cali?,['Mira Sorvino'],"

Mira Sorvino"
8af3f07b73fabc0cc4ef4e6928818d1ff08ead9f41a5085a,1863,Are Ding Yaping and Johann Christian Gustav Lucae of the same nationality?,['yes'],"

Ding is Chinese, Lucae is German."
3816f7d8e90a5497a1c0e415bf25218037c690e8e4d0d016,3211,"Which country Dorothea Of Denmark, Duchess Of Mecklenburg's father is from?",['Norway'],Denmark
025911ff0afd34976b0a800c198c4117f95edfcd7b64bb24,4438,What is the cause of death of Heonjong Of Goryeo's father?,['illness'],"

The father of Heonjong Of Goryeo died naturally."
cdf0b77af7d55cc9a3424613604e8dbabe7a01e4869ad502,10562,Where did Mary Of Woodstock's mother die?,['Harby'],"

Eleanor of Castile died in Seville."
1ff4dc6c1f7c02445945ced1b35a08544d7ba76089675883,3401,Which award the director of film Tiramisu (2002 Film) earned?,['Hong Kong Film Award for Best Director'],"

Hong Kong Film Award for Best Director"
c7347f362602f3a0be4b051c0b68219e0648afa64772bd30,1680,What is the date of death of the director of film Nallavan Vazhvan?,['3 September 1992'],"

The date of Neelakantan's death is unknown."
0cf27c68148c99571860af561ce5f64c4524fde278defc63,3026,"Who died first, Frederick Cleveland Morgan or Nathaniel Mclenaghan?",['Nathaniel Mclenaghan'],"
Answer: Morgan died later."
93ff7c9369b6ff2f37896b54f6e4d8ff91c125f78ae8bf9a,3749,Where did the director of film Balls Out (2014 Film) graduate from?,['Tisch'],Tisch School of the Arts
550f734c7ef908fcfe6b1b7e761826340f00abaa5eb305a0,2697,"Which film whose director is younger, Cuchillos De Fuego or A Woman Has Killed?",['Cuchillos De Fuego'],"

Younger film: Cuchillos De Fuego (1990)"
860a0ad0039969cc7f01d512df2b0ea283d8f7d0c08886e5,4003,"Which film was released earlier, Moment Of Danger or The Ballad Of Josie?",['Moment Of Danger'],"

Moment Of Danger - 1960. The Ballad Of Josie - 1967."
3723ec96e3b1af88c73edaa0a5e87f20194d9d212a67b615,2425,"Which magazine was established first, Rock Street Journal or De As?",['De As'],"

Earlier: Rock Street Journal"
60735709da9cbdd65bab0a11d1a0991ec842fe74d1ab583b,4134,"Which film has the director who died first, The Piper'S Price or The Blonde From Singapore?","[""The Piper'S Price""]","

The Piper's Price (1917)"
76a7a3db55c966560ad3e8d34037602d4d12714980898b78,5918,Are H. H. Hunnewell and Bob Flanigan (Singer) of the same nationality?,['yes'], American citizens.
efea9c05de081efb7ef76741d3f24da2e993d54d99677b72,4323,"When was Antoine Philippe, Duke Of Montpensier's mother born?",['13 March 1753'], Marie-Adélaïde was born in 1753.
435fae9b23d8b22e85a57cfd8ceb8541dea5b0c551acc3a9,7162,"Which film has the director who died later, True To The Navy or No Trees In The Street?",['No Trees In The Street'],"

The director of True To The Navy died earlier."
3ee59c959e64a29c8a30263816ad47b76ffab36e5b8859ee,3129,What is the place of birth of the director of film Ninamaninja Kalpadukal?,['Methala'],"

Marshall, Indiana (for Jesse E. Hobson)
Near Perumbavoor, Kerala (for N. N. Pisharody)
Dublin, Ireland (for Dana Blankstein)
Fredrikstad, Norway (for Olav Aaraas)

Passage 0 is about the Malayalam film Ninamaninja Kalpadukal, directed by N. N. Pisharody.
Passage 1 is about Jesse E. Hobson, the director of SRI International from 1947 to 195"
43cf26663f3b4cec7a8ea68d56909201a2d1b1ad82512190,5610,"Which film came out earlier, Alkohol or Night Of Dark Shadows?",['Alkohol'],"

Earlier: Alkohol (1919)"
77a79ad1902a4732e8030d79380395b7e614d65de3cdd038,1138,"Which film whose director is younger, Many Tanks Mr. Atkins or Do Musafir?",['Do Musafir'],Younger director: Roy William Neill.
f0523a41000b43996413780968b611c3f4d28b87f4acc859,1241,Are Revolt In The Big House and The Fugitive (1914 Film) from the same country?,['no'],"

No, different countries."
6a60fa19187345478a447b63d8f52a1cb5341e964cda29db,2516,Where was the composer of film Consenting Adults (1992 Film) born?,['New York'],Michael Small was born in New York City.
78227cb74e7b2401070e50abff8069510f5e5ccec0a2479f,3675,"Which film has the director who died earlier, Tiger In The Smoke or Contragolpe?",['Contragolpe'],"

Earlier: Tiger In The Smoke (1956)"
f7abcc33c22de53769935182a278a199e9f263a12e56673e,3052,Where was the place of death of the director of film Jail Yatra?,['Mumbai'],"

Mumbai Hospital"
24a43c1b071d8bb99f51fec368dbc438cf7aea1f549ea195,4756,"Which film came out first, F The Prom or The Comedians Of Comedy?",['The Comedians Of Comedy'],"

The Comedians Of Comedy (1967) came out first."
89530e21fb2f36eb499cea025efa9c80b10049f72945bfb6,5772,"Which film has the director who was born first, Tombstone Rashomon or Waiting For The Clouds?",['Tombstone Rashomon'],"

Earlier film: Tombstone Rashomon"
e8c2e5c8d393b186e21c75788f7e93efeaef12a9c44880d9,4828,"Which film has the director who was born earlier, Dhuen Ki Lakeer or Bomma Borusa?",['Dhuen Ki Lakeer'],"

Earlier: Dhuen Ki Lakeer (1974)
Born earlier: Kishore Sahu (1915)"
d7f6203bfe33e28a517ed4214f515fb80671c48edd4720a6,10456,"Which film has the director who was born first, Perdón, Viejita or Smokey And The Bandit?","['Perdón, Viejita']","

Earlier Argentine film."
517da14d56782303ccf8ec057b86bf43169b6f2edcd6d0f1,2748,Where did the director of film American Gothic (2007 Film) graduate from?,['University of Wisconsin'],University of Wisconsin-Madison
300ccba91f776e583d418d6d9ecc5e1bdca7bd80580cd36e,4526,Was Dudley Russell or Juan René Serrano born first?,['Dudley Russell'],"

Dudley Russell was born first."
81c8cd41355e5f0489dad4010b5fd414b817f7a9134affc2,3620,"Who was born first, Vytautas Straižys or Mirjam Polkunen?",['Mirjam Polkunen'],"

Earlier birth: Vytautas Straižys (1936)"
0c8d9e57340d06b13e75f1dd42ddb5f08c1203fb62632353,9479,Where did Grand Duchess Elena Vladimirovna Of Russia's father die?,['Saint Petersburg'],"

The father of Grand Duchess Elena Vladimirovna of Russia died in 1992."
544828db02efd1313bfc0a1bdeb8c3df5985c299254b0222,3592,Where was the director of film The Dinner (2013 Film) born?,['Eindhoven'],Dutch-born American
f5cf6d94b9e4e7adfc30d262396bc29e201d9e07ead1d088,3828,"Which magazine was established first, Women'S Suffrage Journal or Mostar (Magazine)?","[""Women'S Suffrage Journal""]","

Earlier: Women'S Suffrage Journal"
018c9c2d781ea2c9d57a31bd2e0ff30b55e77017a319484a,3228,What is the place of birth of Carrie Watson Fleming's husband?,"['Fairmont, West Virginia']",Born in London.
93ef40c0bfa088c2a2dd3302976a950cba3e8d97767f65ce,2305,"Which film has the director who died earlier, Mayor Muthanna or The Market Of Souls?",['The Market Of Souls'],"

Answer: Mayor Muthanna (1969)"
e15605da0c5b6f02c85aff9f1f683d3f85d211c083792ecb,4201,"Do both films, The Glass Castle (1950 Film) and The Ferret (Film), have the directors who are from the same country?",['yes'],"

Yes, both French."
bf2899717e8d7d3d83d865ca5ff59e26d7f647e6025e2d52,4417,Where was the father of Muhammad Al-Nasir born?,['Morocco'],Born in Tunisia.
57db7adad0b62b8a396fd45937030d876ecd02153b8a931e,8701,Where was the place of death of Enheduanna's father?,['Akkadian empire'],The place of birth of Enheduanna's father.Sargon of Akkad.
ce6a3aae400b3f5f028504fec37d7be8b447bd0cb1a0cff5,4580,"Which film whose director was born first, Solemn Promise or Tarzan The Magnificent?",['Tarzan The Magnificent'],"

Earlier: Solemn Promise"
c997d53083dff6918a3f066cc76c824e43eb4ea21de33c51,3774,"Which film has the director who was born later, The Man Is Armed or Wolf Warrior?",['Wolf Warrior'],"

Later: Wolf Warrior"
184929a3ff00c41a966da9d53444da794af70ce90d624205,3718,Who is the paternal grandfather of Trịnh Doanh?,['Trịnh Bính'],Trịnh Cương
56db201f810a3d01b7d14e8e9e6dd94820ecaf2f4a86b2b9,4854,Where was the director of film Hellcats Of The Navy born?,['Gura Humorului'],"

The director of Hellcats Of The Navy was born in Marshall, Indiana."
fefa6cc344f63fdceda9662af921fdcdf645abb8fe87ea73,7562,Where was the performer of song Feelin' Myself (Nipsey Hussle Song) born?,['Crenshaw'],"
South Central Los Angeles"
9b0dc01a1388db020e5c5c428a002d099f8a35544e9b6261,3065,"Which film whose director is younger, Winter Sleepers or Poveri Milionari?",['Winter Sleepers'],"

Winter Sleepers (1997) is younger."
34896de8d6a2c70e09b6dc3d113475a58899961d2aa356b3,4040,Who is the paternal grandfather of Bruno Ii Von Berg?,['Adolf II of Berg'],"

Adolf III of Berg"
0f629fbc7a6c3689ee9771af3aa81400674e673f11d47f2d,6771,Are The Other Half (2016 Film) and Spy Kids 2: The Island Of Lost Dreams from the same country?,['no'],"

Canadian, Danish."
13dde588b81d1de4a9984418bf3d6791de7d1b1edf21d61b,3140,Where was the director of film 00 Schneider – Jagd Auf Nihil Baxter born?,['Mülheim an der Ruhr'],"

Helge Schneider was born in Mülheim an der Ruhr."
cf56ec8180c3c7622a439e68704fc1ff73770f2e8ee2926e,2809,"Which film came out first, Una Prostituta Al Servizio Del Pubblico E In Regola Con Le Leggi Dello Stato or The Bag Man?",['Una Prostituta Al Servizio Del Pubblico E In Regola Con Le Leggi Dello Stato'],"

Earlier: Una Prostituta (1970)
The Bag Man (2014)"
78d3bf98f7b05622b428940d273b8c493f24a4468d1998dd,10991,"Are the movies The Hatton Garden Job and Carry On Cleo, from the same country?",['yes'],"

British films."
9b0b29e391c61c570b20fae813486bc757c1fb7d25d83049,3759,Who is the paternal grandfather of Dibyasambandh?,['Mongkut'],"
Prince Bhanurangsi Savangwongse"
bdb42f1c30e16bbcdf6f0ab7c1f76765ddaa5817ee5e674b,3293,"Who is Charles Willoughby, 10Th Baron Willoughby Of Parham's paternal grandmother?",['Lady Frances Manners'],"
 Elizabeth Blount, daughter of Sir John Blount, is Charles Willoughby, 10Th Baron Willoughby Of Parham's paternal grandmother."
a7b5c5d84d974a849b0d042c435bbb3fe90ff50fd5d73f79,9453,"Where does the director of film L'Arbre, Le Maire Et La Médiathèque work at?",['Cahiers du cinéma'],Maihaugen Museum
d0b11838d26195f89d1568431f88a02b4f4d8c9cdf99e04a,3945,Where was the director of film Eisenstein In Guanajuato born?,"['Newport, Wales']"," Peter Greenaway was born in Newport, Wales."
ca72ce55dc8f774617c794681dd7062eadfd14e679418cfa,9096,What is the place of birth of Sextus Barbour's father?,"['Gordonsville, Virginia']","

Orange County, Virginia"
10dc2bd4f7fb1b834c7f563ae3d7af5d269d84b3dfc0b056,8046,What is the place of birth of the performer of song Ruleta (Inna Song)?,['Mangalia'],"

Romania"
bbaa4eb6b32bad24fc2b8639d03be8c16d1140ec8454b16a,4871,Who is the father of the director of film A No-Hit No-Run Summer?,['Félix Leclerc'],Félix Leclerc
bc596d2ebcd25e79ca9cd689e50746e42e9a6fc579afc683,5577,"Who is Henri Ii, Duke Of Nemours's paternal grandfather?",['Jacques'],"Georg I, Duke of Saxe-Meiningen"
f73db1873c311b2a38f27a52c5e05b021da0c2fe9590dac3,11622,Who is Gisela Of Hungary's father-in-law?,['Géza'],"Stephen I, King of Hungary"
53f6acc70a61443a93c25c91ca7dc7f8780046d02e28c94a,4142,Who is the paternal grandmother of King Kang Of Zhou?,['Yi Jiang'],"

The mother of Duke Ding of Qi."
88e4806d6c6553000e3c1ff8be5c90f5309342954ce4acae,6374,"What is the date of death of Maria Isabel De Alcântara, Countess Of Iguaçu's mother?","['November 3, 1867']","

Maria Isabel's mother died in 1896."
25b5c6893c13f6e52ddd541c03f5bd6bb7b17cfeb15d9f16,10243,Who is the spouse of the director of film Rodney Steps In?,['Ivy Duke'],Richard Cooper
3cff7074281c58717aa65021d875cc1e6a6321f71cd77742,2765,"When did Frances Vane, Marchioness Of Londonderry's father die?",['1 August 1813'],"

Answer: He died in 1813."
13c4f5388b670f6c20b168e782f7478616fa3ba2edca3081,6966,"Which film has the director who is older than the other, Season Of Strangers or The Yellow Teddy Bears? ",['Season Of Strangers'], Maya Deren older.
0c35123885c26fc474a7cd8e7c03fe75bfff4fc15845d3b9,4450,Were Jake Eisenhart and Michael T. Ullman of the same nationality?,['yes'],"

No, they were not. Jake Eisenhart was American, while Michael T. Ullman was Norwegian-American."
2a0554b724822b6c611539e39b44381f752acdecce4868ad,3131,"Who was born first, Antoine Casavant or Abdul Ali Lalu?",['Antoine Casavant'],"Earlier, Antoine Casavant."
acb93469117282f2d0131e19f6210e007d681bc7a78e7b64,4103,Where did Rameshwari Nehru's husband graduate from?,['Oxford'],London School of Economics
a7d0cfa55dce1e96490d1e6c0188398864724e96a44e4b79,2932,"Who is the paternal grandfather of Sir John Hamilton-Dalrymple, 5Th Baronet?","['Sir Hew Dalrymple, 2nd Baronet']","
Sir Hew Dalrymple, 3rd Baronet"
7a35ba110f4c26f7eb9d4dcc2e8c1baac383c777f0904976,2692,"Which film has the director who was born earlier, Khud-Daar or Murderer In The Fog?",['Murderer In The Fog'],"

Earlier: Khud-Daar (1982)"
b9a9b860c0f0430853d1db2756095da274d522beed2acbeb,7443,Who is the spouse of the director of film Soldier (1998 American Film)?,['Milla'],Paul W. S. Anderson
a49e29926d7019e6cbaf6b0610453eda22fa1ce9043f5829,3523,"Where did Catherine Of Taranto, Countess Of Copertino's mother die?",['Lecce'],"

The answer is: In Naples."
29ec971fbdf0df2d0c41c497de945024db6159c0c30be307,3529,Which award the director of film Lady Magdalene'S got?,['Prometheus Award'],"

Special Jury Prize for Libertarian Ideals"
de14d0bf7b2c73f7a21875677eed84a1ef270d2f29dc5b99,4847,What nationality is Princess Charlotte Of Saxe-Meiningen's husband?,['Duchy of Saxe-Gotha-Altenburg'],"

German Prince Ernest"
49035ecce6e78a355307dd6a1ddb11a87cab76090d655d2f,9998,"Which film has the director who was born first, The Longshots or Station For Two?",['Station For Two'],"

Eldar Ryazanov directed Station For Two first."
d04cc75917c9ef6b7a78b82491229023013ef3cea72bfba4,4097,What is the place of birth of Aleksey Greig's father?,['Inverkeithing'],"

Inverkeithing, Fife, Scotland"
8848d4bd1425f8bef31b6c279ec378bcbca14f10b702c4ea,9182,When did Thomas Of Galloway (Bastard)'s father die?,['1234'],"

The father of Thomas Of Galloway (Bastard) died between 995 and 997. (Passage 0)"
72132e87102859b583fb69a8a2a6a8b026be4fec5a1437e0,6136,"When did Robert Bertie, 3Rd Earl Of Lindsey's father die?",['25 July 1666'],"

Answer: He died in 1601."
0c15fb826ac59bbde9df698db9c277def2bc72fa5b7b497d,9043,"Which film has the director born later, The Wind'S Fierce or Special Delivery (1927 Film)?","[""The Wind'S Fierce""]","

Later: The Wind'S Fierce"
cf5321576ab8cc1b8453991abac66aa5d46155d8ffa7ee17,8169,Why did the director of film Port Of Seven Seas die?,['drowning'],"

The director of the film Port of Seven Seas died by suicide."
6110cb2d4156df8d180fdd01e5f340c4731f7d1f4583fc5a,3593,What is the place of birth of Abdulaziz Nasser Al Shamsi's wife?,['Abu Dhabi'],"Dyrrhachium, Greece"
b1034d8bbeeba5f9001f48311c182d2a20782462f0c2ed65,3584,What is the place of birth of Frank Wartenberg's wife?,['Prenzlau'],"Ottensen, Hamburg"
7218faa7d718853f8df4329a7242806cf70e63ece56f8cdb,3814,Where was the director of film Edges Of The Lord born?,['Poznań'],"

Jerzy Bogajewicz (born Poznań)"
78436f55ae9c254da5a54558ddd196c94850ba7a2b6fa637,4597,Where was the father of Teobaldo Ii Ordelaffi born?,['Italy'],The father of Teobaldo Ii Ordelaffi was born in Italy.
ddd046530f4979511397f82fe5391d0a646c0aa18225a98e,3366,Where was the husband of Maude Smith born?,"['Toronto, Ontario']","London, England"
2ce836524b90befee94e944e77ce3420878e75b5a1e14c26,4389,"Which film was released earlier, Forbidden Daughters or The Third Kiss?",['Forbidden Daughters'],"

Earlier: The Third Kiss"
bcd3d700ef14d9a1f6b766c5d185b43ac8f3b7feffd4732f,4958,Does Leslie Pietrzyk have the same nationality as Marianne Wiggins?,['yes'],"

No, they are of different nationalities."
24591a37ff748fb849a62e6a4f4095f7089d7ced43595d01,3425,"Who was born first, Bogdan Țăruș or Robert Wulnikowski?",['Bogdan Țăruș'],Earlier: Bogdan Țăruș.
2e86241a9d27925aa52e039067fa83e27e305301188daef7,1945,"Which film has the director who died first, Folgore Division or Sandflow?",['Sandflow'],"

Earlier film, Duilio Coletti."
c1d354f1d1855b21eb3c3cd204d5030080ef9e3c7e4b0195,3894,"Which film has the director born later, From Corleone To Brooklyn or Durango Valley Raiders?",['From Corleone To Brooklyn'],"

From Corleone To Brooklyn (later)"
2c605656720054b6c9e6e0f15f99c1b4675db67e6e098cee,667,Are both Howard Lake (British Columbia) and North Buck Lake (Alberta) located in the same country?,['yes'],"Yes, they are in Canada."
1edc61803f35344a5a4b6d273e6eb0f643fefcec0fa0a22a,10974,Where was the place of death of the composer of song Gretchen Am Spinnrade?,['Vienna'],"

The composer of the song Gretchen Am Spinnrade, Franz Schubert, died in Pacific Palisades, California."
d65eba4a41497416d108c17f366636efb4cbda4c215c8818,6044,"Who was born later, Hugh Evelyn Wortham or Johnny Ekström?",['Johnny Ekström'],"

Johnny Ekström was born later."
2df722c08f52cbf987c84019f7f2e5455cd29992738441cc,592,"Are both mountains, Yana Urqu (Q'Umirqucha) and Puka Rumi, located in the same country?",['yes'],"
 Peru. Both mountains are in Peru."
814dddaa4a997380fc80cc1c72d48cb20545411924a0603f,11950,What nationality is Elizabeth Of Rhuddlan's father?,['England'],King Edward I of England
1d554e7ae21ed7b5d142b57bcdab110cf6cea6f5256a58ee,4337,"What is the cause of death of director of film I Will, I Will... For Now?",['Parkinson'],"

Complications of Parkinson's disease."
d0ebddd00bfc9c5747021ae27c0ea5cdf21355bc86b83753,3947,"Who is Maurice De Berkeley, 4Th Baron Berkeley's maternal grandfather?","['Roger Mortimer, 1st Earl of March']"," Piers De Geneville, Lord Of Trim Castle."
8f6c8de1c1518b5bdcbc4ff1cdfe035b9207971a6362574f,4441,"Who died first, Albertus Seba or Ali Dinar?",['Albertus Seba'],"

Answer: Ali Dinar died first."
59e42b2cab6da2436fae05e25c49f6f4b4893b07bb48e3c1,8935,"Who is the maternal grandfather of Marie Louise, Duchess Of Parma?",['Ferdinand I of the Two Sicilies']," Maria Carolina, Queen of Naples."
35cbcb102aa5b4f9188011190e0f30456df5673fcddacf49,3155,"Which film was released earlier, Prince Of Arcadia or Italia-Germania 4-3?",['Prince Of Arcadia'],Earlier: Prince Of Arcadia (1932)
44864cf7bbca78294d1b24c5acfa035f30849d802356aad4,3195,Where was the director of film Love At First Sight (1985 Film) born?,['Milan'],"

Milan, Italy"
67705e148a6e0540819f466bb4fdc73ed2e5cbcd64d80930,3719,Where did the director of film Nanon (1938 Film) die?,['Köln'],"

Köln, Germany"
